store_id,datetime,hourly_transaction_volume,transaction_qty,total_revenue,lag_1h,lag_24h,rolling_mean_3h,hour_of_day,day_of_week,is_weekend,predictions
3,2025-06-01 00:00:00,0,0,0.0,0.0,0.0,0.0,0,6,1,-0.04331946
3,2025-06-01 01:00:00,0,0,0.0,0.0,0.0,0.0,1,6,1,-0.04331946
3,2025-06-01 02:00:00,0,0,0.0,0.0,0.0,0.0,2,6,1,-0.04331946
3,2025-06-01 03:00:00,0,0,0.0,0.0,0.0,0.0,3,6,1,-0.04331946
3,2025-06-01 04:00:00,0,0,0.0,0.0,0.0,0.0,4,6,1,-0.04331946
3,2025-06-01 05:00:00,0,0,0.0,0.0,0.0,0.0,5,6,1,-0.04331946
3,2025-06-01 06:00:00,0,0,0.0,0.0,0.0,0.0,6,6,1,2.5258036
3,2025-06-01 07:00:00,0,0,0.0,0.0,42.0,0.0,7,6,1,35.592197
3,2025-06-01 08:00:00,0,0,0.0,0.0,49.0,0.0,8,6,1,42.000164
3,2025-06-01 09:00:00,0,0,0.0,0.0,54.0,0.0,9,6,1,32.950874
3,2025-06-01 10:00:00,0,0,0.0,0.0,54.0,0.0,10,6,1,31.183672
3,2025-06-01 11:00:00,45,67,205.15,0.0,21.0,0.0,11,6,1,16.94603
3,2025-06-01 12:00:00,50,71,207.8,45.0,16.0,15.0,12,6,1,28.079296
3,2025-06-01 13:00:00,32,49,145.9,50.0,15.0,31.666666666666668,13,6,1,22.527132
3,2025-06-01 14:00:00,34,49,155.65,32.0,17.0,42.333333333333336,14,6,1,26.958996
3,2025-06-01 15:00:00,55,85,260.75,34.0,17.0,38.666666666666664,15,6,1,30.258009
3,2025-06-01 16:00:00,55,77,229.6,55.0,21.0,40.333333333333336,16,6,1,32.27483
3,2025-06-01 17:00:00,39,52,165.9,55.0,24.0,48.0,17,6,1,32.709568
3,2025-06-01 18:00:00,51,73,236.7,39.0,21.0,49.666666666666664,18,6,1,29.409056
3,2025-06-01 19:00:00,47,60,187.4,51.0,16.0,48.333333333333336,19,6,1,27.69037
3,2025-06-01 20:00:00,0,0,0.0,47.0,0.0,45.666666666666664,20,6,1,2.315647
3,2025-06-01 21:00:00,0,0,0.0,0.0,0.0,32.666666666666664,21,6,1,0.20618081
3,2025-06-01 22:00:00,0,0,0.0,0.0,0.0,15.666666666666666,22,6,1,0.038621847
3,2025-06-01 23:00:00,0,0,0.0,0.0,0.0,0.0,23,6,1,0.046786975
3,2025-06-02 00:00:00,0,0,0.0,0.0,0.0,0.0,0,0,0,-0.021050377
3,2025-06-02 01:00:00,0,0,0.0,0.0,0.0,0.0,1,0,0,-0.021050377
3,2025-06-02 02:00:00,0,0,0.0,0.0,0.0,0.0,2,0,0,-0.021050377
3,2025-06-02 03:00:00,0,0,0.0,0.0,0.0,0.0,3,0,0,-0.021050377
3,2025-06-02 04:00:00,0,0,0.0,0.0,0.0,0.0,4,0,0,-0.021050377
3,2025-06-02 05:00:00,0,0,0.0,0.0,0.0,0.0,5,0,0,-0.021050377
3,2025-06-02 06:00:00,0,0,0.0,0.0,0.0,0.0,6,0,0,2.6223135
3,2025-06-02 07:00:00,0,0,0.0,0.0,0.0,0.0,7,0,0,3.7751231
3,2025-06-02 08:00:00,0,0,0.0,0.0,0.0,0.0,8,0,0,0.5490259
3,2025-06-02 09:00:00,0,0,0.0,0.0,0.0,0.0,9,0,0,0.5490259
3,2025-06-02 10:00:00,0,0,0.0,0.0,0.0,0.0,10,0,0,0.5490259
3,2025-06-02 11:00:00,39,56,169.5,0.0,45.0,0.0,11,0,0,25.228922
3,2025-06-02 12:00:00,50,70,216.3,39.0,50.0,13.0,12,0,0,44.094955
3,2025-06-02 13:00:00,56,86,259.55,50.0,32.0,29.666666666666668,13,0,0,30.544281
3,2025-06-02 14:00:00,39,58,183.6,56.0,34.0,48.333333333333336,14,0,0,40.622765
3,2025-06-02 15:00:00,49,70,219.5,39.0,55.0,48.333333333333336,15,0,0,40.63275
3,2025-06-02 16:00:00,44,62,197.95,49.0,55.0,48.0,16,0,0,42.634518
3,2025-06-02 17:00:00,46,67,214.6,44.0,39.0,44.0,17,0,0,40.386127
3,2025-06-02 18:00:00,50,70,212.55,46.0,51.0,46.333333333333336,18,0,0,42.23303
3,2025-06-02 19:00:00,59,83,241.9,50.0,47.0,46.666666666666664,19,0,0,42.721718
3,2025-06-02 20:00:00,0,0,0.0,59.0,0.0,51.666666666666664,20,0,0,1.3228697
3,2025-06-02 21:00:00,0,0,0.0,0.0,0.0,36.333333333333336,21,0,0,0.78444856
3,2025-06-02 22:00:00,0,0,0.0,0.0,0.0,19.666666666666668,22,0,0,0.17281516
3,2025-06-02 23:00:00,0,0,0.0,0.0,0.0,0.0,23,0,0,0.13420895
3,2025-06-03 00:00:00,0,0,0.0,0.0,0.0,0.0,0,1,0,0.0055930936
3,2025-06-03 01:00:00,0,0,0.0,0.0,0.0,0.0,1,1,0,0.0055930936
3,2025-06-03 02:00:00,0,0,0.0,0.0,0.0,0.0,2,1,0,0.0055930936
3,2025-06-03 03:00:00,0,0,0.0,0.0,0.0,0.0,3,1,0,0.0055930936
3,2025-06-03 04:00:00,0,0,0.0,0.0,0.0,0.0,4,1,0,0.0055930936
3,2025-06-03 05:00:00,0,0,0.0,0.0,0.0,0.0,5,1,0,0.0055930936
3,2025-06-03 06:00:00,0,0,0.0,0.0,0.0,0.0,6,1,0,2.6489573
3,2025-06-03 07:00:00,0,0,0.0,0.0,0.0,0.0,7,1,0,3.8017669
3,2025-06-03 08:00:00,0,0,0.0,0.0,0.0,0.0,8,1,0,0.5756693
3,2025-06-03 09:00:00,0,0,0.0,0.0,0.0,0.0,9,1,0,0.5756693
3,2025-06-03 10:00:00,0,0,0.0,0.0,0.0,0.0,10,1,0,0.5756693
3,2025-06-03 11:00:00,63,96,300.75,0.0,39.0,0.0,11,1,0,27.775629
3,2025-06-03 12:00:00,44,61,201.2,63.0,50.0,21.0,12,1,0,48.02405
3,2025-06-03 13:00:00,36,53,161.35,44.0,56.0,35.666666666666664,13,1,0,44.09715
3,2025-06-03 14:00:00,50,73,230.15,36.0,39.0,47.666666666666664,14,1,0,39.11966
3,2025-06-03 15:00:00,53,73,226.15,50.0,49.0,43.333333333333336,15,1,0,42.048634
3,2025-06-03 16:00:00,51,68,218.5,53.0,44.0,46.333333333333336,16,1,0,44.77771
3,2025-06-03 17:00:00,34,43,135.8,51.0,46.0,51.333333333333336,17,1,0,40.632362
3,2025-06-03 18:00:00,49,69,224.7,34.0,50.0,46.0,18,1,0,37.749935
3,2025-06-03 19:00:00,59,80,254.9,49.0,59.0,44.666666666666664,19,1,0,42.837555
3,2025-06-03 20:00:00,0,0,0.0,59.0,0.0,47.333333333333336,20,1,0,1.1539272
3,2025-06-03 21:00:00,0,0,0.0,0.0,0.0,36.0,21,1,0,0.9415042
3,2025-06-03 22:00:00,0,0,0.0,0.0,0.0,19.666666666666668,22,1,0,0.19945855
3,2025-06-03 23:00:00,0,0,0.0,0.0,0.0,0.0,23,1,0,0.1608524
3,2025-06-04 00:00:00,0,0,0.0,0.0,0.0,0.0,0,2,0,0.0055930936
3,2025-06-04 01:00:00,0,0,0.0,0.0,0.0,0.0,1,2,0,0.0055930936
3,2025-06-04 02:00:00,0,0,0.0,0.0,0.0,0.0,2,2,0,0.0055930936
3,2025-06-04 03:00:00,0,0,0.0,0.0,0.0,0.0,3,2,0,0.0055930936
3,2025-06-04 04:00:00,0,0,0.0,0.0,0.0,0.0,4,2,0,0.0055930936
3,2025-06-04 05:00:00,0,0,0.0,0.0,0.0,0.0,5,2,0,0.0055930936
3,2025-06-04 06:00:00,0,0,0.0,0.0,0.0,0.0,6,2,0,2.6489573
3,2025-06-04 07:00:00,0,0,0.0,0.0,0.0,0.0,7,2,0,3.8017669
3,2025-06-04 08:00:00,0,0,0.0,0.0,0.0,0.0,8,2,0,0.5756693
3,2025-06-04 09:00:00,0,0,0.0,0.0,0.0,0.0,9,2,0,0.5756693
3,2025-06-04 10:00:00,0,0,0.0,0.0,0.0,0.0,10,2,0,0.5756693
3,2025-06-04 11:00:00,38,52,165.75,0.0,63.0,0.0,11,2,0,36.266525
3,2025-06-04 12:00:00,64,87,268.0,38.0,44.0,12.666666666666666,12,2,0,41.959377
3,2025-06-04 13:00:00,46,70,218.6,64.0,36.0,34.0,13,2,0,44.11264
3,2025-06-04 14:00:00,47,65,204.55,46.0,50.0,49.333333333333336,14,2,0,43.427647
3,2025-06-04 15:00:00,34,53,161.35,47.0,53.0,52.333333333333336,15,2,0,42.170975
3,2025-06-04 16:00:00,44,67,195.55,34.0,51.0,42.333333333333336,16,2,0,38.543655
3,2025-06-04 17:00:00,55,76,234.2,44.0,34.0,41.666666666666664,17,2,0,37.480927
3,2025-06-04 18:00:00,37,52,159.7,55.0,49.0,44.333333333333336,18,2,0,44.013874
3,2025-06-04 19:00:00,35,50,153.2,37.0,59.0,45.333333333333336,19,2,0,39.764385
3,2025-06-04 20:00:00,0,0,0.0,35.0,0.0,42.333333333333336,20,2,0,2.7143166
3,2025-06-04 21:00:00,0,0,0.0,0.0,0.0,24.0,21,2,0,0.29002064
3,2025-06-04 22:00:00,0,0,0.0,0.0,0.0,11.666666666666666,22,2,0,0.202885
3,2025-06-04 23:00:00,0,0,0.0,0.0,0.0,0.0,23,2,0,0.1608524
3,2025-06-05 00:00:00,0,0,0.0,0.0,0.0,0.0,0,3,0,0.0055930936
3,2025-06-05 01:00:00,0,0,0.0,0.0,0.0,0.0,1,3,0,0.0055930936
3,2025-06-05 02:00:00,0,0,0.0,0.0,0.0,0.0,2,3,0,0.0055930936
3,2025-06-05 03:00:00,0,0,0.0,0.0,0.0,0.0,3,3,0,0.0055930936
3,2025-06-05 04:00:00,0,0,0.0,0.0,0.0,0.0,4,3,0,0.0055930936
3,2025-06-05 05:00:00,0,0,0.0,0.0,0.0,0.0,5,3,0,0.0055930936
3,2025-06-05 06:00:00,0,0,0.0,0.0,0.0,0.0,6,3,0,2.6489573
3,2025-06-05 07:00:00,0,0,0.0,0.0,0.0,0.0,7,3,0,3.8017669
3,2025-06-05 08:00:00,0,0,0.0,0.0,0.0,0.0,8,3,0,0.5756693
3,2025-06-05 09:00:00,0,0,0.0,0.0,0.0,0.0,9,3,0,0.5756693
3,2025-06-05 10:00:00,0,0,0.0,0.0,0.0,0.0,10,3,0,0.5756693
3,2025-06-05 11:00:00,37,46,136.15,0.0,38.0,0.0,11,3,0,27.492237
3,2025-06-05 12:00:00,65,96,292.5,37.0,64.0,12.333333333333334,12,3,0,48.883774
3,2025-06-05 13:00:00,64,90,263.85,65.0,46.0,34.0,13,3,0,44.633736
3,2025-06-05 14:00:00,44,63,205.4,64.0,47.0,55.333333333333336,14,3,0,47.808117
3,2025-06-05 15:00:00,34,44,147.8,44.0,34.0,57.666666666666664,15,3,0,34.43581
3,2025-06-05 16:00:00,40,57,184.85,34.0,44.0,47.333333333333336,16,3,0,38.217083
3,2025-06-05 17:00:00,40,63,188.25,40.0,55.0,39.333333333333336,17,3,0,38.73588
3,2025-06-05 18:00:00,49,71,223.95,40.0,37.0,38.0,18,3,0,38.402752
3,2025-06-05 19:00:00,43,65,199.7,49.0,35.0,43.0,19,3,0,44.43095
3,2025-06-05 20:00:00,0,0,0.0,43.0,0.0,44.0,20,3,0,1.4069321
3,2025-06-05 21:00:00,0,0,0.0,0.0,0.0,30.666666666666668,21,3,0,0.677247
3,2025-06-05 22:00:00,0,0,0.0,0.0,0.0,14.333333333333334,22,3,0,0.21315125
3,2025-06-05 23:00:00,0,0,0.0,0.0,0.0,0.0,23,3,0,0.1608524
3,2025-06-06 00:00:00,0,0,0.0,0.0,0.0,0.0,0,4,0,-0.020182956
3,2025-06-06 01:00:00,0,0,0.0,0.0,0.0,0.0,1,4,0,-0.020182956
3,2025-06-06 02:00:00,0,0,0.0,0.0,0.0,0.0,2,4,0,-0.020182956
3,2025-06-06 03:00:00,0,0,0.0,0.0,0.0,0.0,3,4,0,-0.020182956
3,2025-06-06 04:00:00,0,0,0.0,0.0,0.0,0.0,4,4,0,-0.020182956
3,2025-06-06 05:00:00,0,0,0.0,0.0,0.0,0.0,5,4,0,-0.020182956
3,2025-06-06 06:00:00,0,0,0.0,0.0,0.0,0.0,6,4,0,2.6231809
3,2025-06-06 07:00:00,0,0,0.0,0.0,0.0,0.0,7,4,0,3.7759905
3,2025-06-06 08:00:00,0,0,0.0,0.0,0.0,0.0,8,4,0,0.54989326
3,2025-06-06 09:00:00,0,0,0.0,0.0,0.0,0.0,9,4,0,0.54989326
3,2025-06-06 10:00:00,0,0,0.0,0.0,0.0,0.0,10,4,0,0.54989326
3,2025-06-06 11:00:00,29,36,111.75,0.0,37.0,0.0,11,4,0,26.231321
3,2025-06-06 12:00:00,41,60,188.2,29.0,65.0,9.666666666666666,12,4,0,38.22497
3,2025-06-06 13:00:00,27,38,124.9,41.0,64.0,23.333333333333332,13,4,0,43.020176
3,2025-06-06 14:00:00,28,42,129.85,27.0,44.0,32.333333333333336,14,4,0,31.085798
3,2025-06-06 15:00:00,53,73,227.75,28.0,34.0,32.0,15,4,0,29.832235
3,2025-06-06 16:00:00,29,42,131.75,53.0,40.0,36.0,16,4,0,49.972126
3,2025-06-06 17:00:00,41,58,185.4,29.0,40.0,36.666666666666664,17,4,0,37.396236
3,2025-06-06 18:00:00,31,47,142.0,41.0,49.0,41.0,18,4,0,38.836884
3,2025-06-06 19:00:00,34,50,155.5,31.0,43.0,33.666666666666664,19,4,0,34.754406
3,2025-06-06 20:00:00,0,0,0.0,34.0,0.0,35.333333333333336,20,4,0,2.3441968
3,2025-06-06 21:00:00,0,0,0.0,0.0,0.0,21.666666666666668,21,4,0,0.1140831
3,2025-06-06 22:00:00,0,0,0.0,0.0,0.0,11.333333333333334,22,4,0,0.17671993
3,2025-06-06 23:00:00,0,0,0.0,0.0,0.0,0.0,23,4,0,0.13507637
3,2025-06-07 00:00:00,0,0,0.0,0.0,0.0,0.0,0,5,1,0.026914665
3,2025-06-07 01:00:00,0,0,0.0,0.0,0.0,0.0,1,5,1,0.026914665
3,2025-06-07 02:00:00,0,0,0.0,0.0,0.0,0.0,2,5,1,0.026914665
3,2025-06-07 03:00:00,0,0,0.0,0.0,0.0,0.0,3,5,1,0.026914665
3,2025-06-07 04:00:00,0,0,0.0,0.0,0.0,0.0,4,5,1,0.026914665
3,2025-06-07 05:00:00,0,0,0.0,0.0,0.0,0.0,5,5,1,0.026914665
3,2025-06-07 06:00:00,0,0,0.0,0.0,0.0,0.0,6,5,1,2.6702785
3,2025-06-07 07:00:00,28,40,123.85,0.0,0.0,0.0,7,5,1,3.8230882
3,2025-06-07 08:00:00,32,42,138.65,28.0,0.0,9.333333333333334,8,5,1,19.78483
3,2025-06-07 09:00:00,27,35,108.4,32.0,0.0,20.0,9,5,1,15.987799
3,2025-06-07 10:00:00,33,47,147.1,27.0,0.0,29.0,10,5,1,17.705547
3,2025-06-07 11:00:00,27,36,118.4,33.0,29.0,30.666666666666668,11,5,1,23.330507
3,2025-06-07 12:00:00,36,53,162.2,27.0,41.0,29.0,12,5,1,30.280813
3,2025-06-07 13:00:00,28,37,124.55,36.0,27.0,32.0,13,5,1,27.62683
3,2025-06-07 14:00:00,18,23,68.9,28.0,28.0,30.333333333333332,14,5,1,26.71381
3,2025-06-07 15:00:00,26,35,106.0,18.0,53.0,27.333333333333332,15,5,1,24.65277
3,2025-06-07 16:00:00,27,36,115.4,26.0,29.0,24.0,16,5,1,24.62034
3,2025-06-07 17:00:00,18,25,77.8,27.0,41.0,23.666666666666668,17,5,1,29.167633
3,2025-06-07 18:00:00,29,46,142.8,18.0,31.0,23.666666666666668,18,5,1,20.55334
3,2025-06-07 19:00:00,26,39,121.5,29.0,34.0,24.666666666666668,19,5,1,28.689621
3,2025-06-07 20:00:00,0,0,0.0,26.0,0.0,24.333333333333332,20,5,1,0.6595916
3,2025-06-07 21:00:00,0,0,0.0,0.0,0.0,18.333333333333332,21,5,1,0.20339553
3,2025-06-07 22:00:00,0,0,0.0,0.0,0.0,8.666666666666666,22,5,1,0.20707218
3,2025-06-07 23:00:00,0,0,0.0,0.0,0.0,0.0,23,5,1,0.15109666
3,2025-06-08 00:00:00,0,0,0.0,0.0,0.0,0.0,0,6,1,-0.04331946
3,2025-06-08 01:00:00,0,0,0.0,0.0,0.0,0.0,1,6,1,-0.04331946
3,2025-06-08 02:00:00,0,0,0.0,0.0,0.0,0.0,2,6,1,-0.04331946
3,2025-06-08 03:00:00,0,0,0.0,0.0,0.0,0.0,3,6,1,-0.04331946
3,2025-06-08 04:00:00,0,0,0.0,0.0,0.0,0.0,4,6,1,-0.04331946
3,2025-06-08 05:00:00,0,0,0.0,0.0,0.0,0.0,5,6,1,-0.04331946
3,2025-06-08 06:00:00,0,0,0.0,0.0,0.0,0.0,6,6,1,2.5258036
3,2025-06-08 07:00:00,21,23,107.18,0.0,28.0,0.0,7,6,1,23.880215
3,2025-06-08 08:00:00,34,48,197.5,21.0,32.0,7.0,8,6,1,26.347624
3,2025-06-08 09:00:00,29,40,123.85,34.0,27.0,18.333333333333332,9,6,1,31.073744
3,2025-06-08 10:00:00,34,48,162.95,29.0,33.0,28.0,10,6,1,29.309942
3,2025-06-08 11:00:00,35,51,173.05,34.0,27.0,32.333333333333336,11,6,1,22.30581
3,2025-06-08 12:00:00,34,50,196.75,35.0,36.0,32.666666666666664,12,6,1,29.280884
3,2025-06-08 13:00:00,34,41,186.95,34.0,28.0,34.333333333333336,13,6,1,29.82626
3,2025-06-08 14:00:00,27,42,145.45,34.0,18.0,34.333333333333336,14,6,1,28.212694
3,2025-06-08 15:00:00,40,57,190.75,27.0,26.0,31.666666666666668,15,6,1,26.506584
3,2025-06-08 16:00:00,28,43,154.1,40.0,27.0,33.666666666666664,16,6,1,28.21072
3,2025-06-08 17:00:00,25,34,129.0,28.0,18.0,31.666666666666668,17,6,1,25.011108
3,2025-06-08 18:00:00,34,44,171.05,25.0,29.0,31.0,18,6,1,26.462082
3,2025-06-08 19:00:00,39,53,230.1,34.0,26.0,29.0,19,6,1,27.57122
3,2025-06-08 20:00:00,0,0,0.0,39.0,0.0,32.666666666666664,20,6,1,0.16995475
3,2025-06-08 21:00:00,0,0,0.0,0.0,0.0,24.333333333333332,21,6,1,0.1154912
3,2025-06-08 22:00:00,0,0,0.0,0.0,0.0,13.0,22,6,1,0.02835558
3,2025-06-08 23:00:00,0,0,0.0,0.0,0.0,0.0,23,6,1,0.046786975
3,2025-06-09 00:00:00,0,0,0.0,0.0,0.0,0.0,0,0,0,-0.021050377
3,2025-06-09 01:00:00,0,0,0.0,0.0,0.0,0.0,1,0,0,-0.021050377
3,2025-06-09 02:00:00,0,0,0.0,0.0,0.0,0.0,2,0,0,-0.021050377
3,2025-06-09 03:00:00,0,0,0.0,0.0,0.0,0.0,3,0,0,-0.021050377
3,2025-06-09 04:00:00,0,0,0.0,0.0,0.0,0.0,4,0,0,-0.021050377
3,2025-06-09 05:00:00,0,0,0.0,0.0,0.0,0.0,5,0,0,-0.021050377
3,2025-06-09 06:00:00,0,0,0.0,0.0,0.0,0.0,6,0,0,2.6223135
3,2025-06-09 07:00:00,58,74,264.0,0.0,21.0,0.0,7,0,0,19.948624
3,2025-06-09 08:00:00,56,72,242.4,58.0,34.0,19.333333333333332,8,0,0,46.563988
3,2025-06-09 09:00:00,45,55,177.3,56.0,29.0,38.0,9,0,0,45.12221
3,2025-06-09 10:00:00,54,67,225.2,45.0,34.0,53.0,10,0,0,49.427547
3,2025-06-09 11:00:00,10,13,42.4,54.0,35.0,51.666666666666664,11,0,0,40.358154
3,2025-06-09 12:00:00,19,24,130.5,10.0,34.0,36.333333333333336,12,0,0,24.507206
3,2025-06-09 13:00:00,15,19,71.78,19.0,34.0,27.666666666666668,13,0,0,25.05618
3,2025-06-09 14:00:00,9,12,34.0,15.0,27.0,14.666666666666666,14,0,0,16.307579
3,2025-06-09 15:00:00,15,20,59.05,9.0,40.0,14.333333333333334,15,0,0,21.94904
3,2025-06-09 16:00:00,19,24,106.85,15.0,28.0,13.0,16,0,0,16.145908
3,2025-06-09 17:00:00,6,8,27.5,19.0,25.0,14.333333333333334,17,0,0,16.934948
3,2025-06-09 18:00:00,22,30,95.35,6.0,34.0,13.333333333333334,18,0,0,18.575253
3,2025-06-09 19:00:00,13,15,42.15,22.0,39.0,15.666666666666666,19,0,0,27.015713
3,2025-06-09 20:00:00,0,0,0.0,13.0,0.0,13.666666666666666,20,0,0,0.38592303
3,2025-06-09 21:00:00,0,0,0.0,0.0,0.0,11.666666666666666,21,0,0,0.17624155
3,2025-06-09 22:00:00,0,0,0.0,0.0,0.0,4.333333333333333,22,0,0,0.13420895
3,2025-06-09 23:00:00,0,0,0.0,0.0,0.0,0.0,23,0,0,0.13420895
3,2025-06-10 00:00:00,0,0,0.0,0.0,0.0,0.0,0,1,0,0.0055930936
3,2025-06-10 01:00:00,0,0,0.0,0.0,0.0,0.0,1,1,0,0.0055930936
3,2025-06-10 02:00:00,0,0,0.0,0.0,0.0,0.0,2,1,0,0.0055930936
3,2025-06-10 03:00:00,0,0,0.0,0.0,0.0,0.0,3,1,0,0.0055930936
3,2025-06-10 04:00:00,0,0,0.0,0.0,0.0,0.0,4,1,0,0.0055930936
3,2025-06-10 05:00:00,0,0,0.0,0.0,0.0,0.0,5,1,0,0.0055930936
3,2025-06-10 06:00:00,0,0,0.0,0.0,0.0,0.0,6,1,0,2.6489573
3,2025-06-10 07:00:00,59,81,260.15,0.0,58.0,0.0,7,1,0,40.05212
3,2025-06-10 08:00:00,56,86,252.85,59.0,56.0,19.666666666666668,8,1,0,49.848946
3,2025-06-10 09:00:00,68,91,284.7,56.0,45.0,38.333333333333336,9,1,0,47.222786
3,2025-06-10 10:00:00,58,88,260.05,68.0,54.0,61.0,10,1,0,70.62544
3,2025-06-10 11:00:00,13,21,56.7,58.0,10.0,60.666666666666664,11,1,0,12.053592
3,2025-06-10 12:00:00,12,17,53.05,13.0,19.0,46.333333333333336,12,1,0,15.750323
3,2025-06-10 13:00:00,17,25,74.85,12.0,15.0,27.666666666666668,13,1,0,13.415345
3,2025-06-10 14:00:00,19,25,81.4,17.0,9.0,14.0,14,1,0,13.854691
3,2025-06-10 15:00:00,11,17,51.05,19.0,15.0,16.0,15,1,0,16.430046
3,2025-06-10 16:00:00,18,23,82.4,11.0,19.0,15.666666666666666,16,1,0,15.214888
3,2025-06-10 17:00:00,12,19,67.15,18.0,6.0,16.0,17,1,0,14.827675
3,2025-06-10 18:00:00,15,21,89.0,12.0,22.0,13.666666666666666,18,1,0,14.938618
3,2025-06-10 19:00:00,17,24,136.1,15.0,13.0,15.0,19,1,0,14.759487
3,2025-06-10 20:00:00,0,0,0.0,17.0,0.0,14.666666666666666,20,1,0,0.80258363
3,2025-06-10 21:00:00,0,0,0.0,0.0,0.0,10.666666666666666,21,1,0,0.21682796
3,2025-06-10 22:00:00,0,0,0.0,0.0,0.0,5.666666666666667,22,1,0,0.1608524
3,2025-06-10 23:00:00,0,0,0.0,0.0,0.0,0.0,23,1,0,0.1608524
3,2025-06-11 00:00:00,0,0,0.0,0.0,0.0,0.0,0,2,0,0.0055930936
3,2025-06-11 01:00:00,0,0,0.0,0.0,0.0,0.0,1,2,0,0.0055930936
3,2025-06-11 02:00:00,0,0,0.0,0.0,0.0,0.0,2,2,0,0.0055930936
3,2025-06-11 03:00:00,0,0,0.0,0.0,0.0,0.0,3,2,0,0.0055930936
3,2025-06-11 04:00:00,0,0,0.0,0.0,0.0,0.0,4,2,0,0.0055930936
3,2025-06-11 05:00:00,0,0,0.0,0.0,0.0,0.0,5,2,0,0.0055930936
3,2025-06-11 06:00:00,0,0,0.0,0.0,0.0,0.0,6,2,0,2.6489573
3,2025-06-11 07:00:00,45,63,195.7,0.0,59.0,0.0,7,2,0,41.160492
3,2025-06-11 08:00:00,52,72,265.05,45.0,56.0,15.0,8,2,0,49.764366
3,2025-06-11 09:00:00,61,87,296.0,52.0,68.0,32.333333333333336,9,2,0,49.04383
3,2025-06-11 10:00:00,52,77,235.0,61.0,58.0,52.666666666666664,10,2,0,62.87454
3,2025-06-11 11:00:00,17,24,66.2,52.0,13.0,55.0,11,2,0,13.764768
3,2025-06-11 12:00:00,15,22,82.8,17.0,12.0,43.333333333333336,12,2,0,13.585065
3,2025-06-11 13:00:00,21,27,117.35,15.0,17.0,28.0,13,2,0,16.623201
3,2025-06-11 14:00:00,19,29,73.9,21.0,19.0,17.666666666666668,14,2,0,18.910515
3,2025-06-11 15:00:00,6,9,24.25,19.0,11.0,18.333333333333332,15,2,0,16.059277
3,2025-06-11 16:00:00,27,33,92.9,6.0,18.0,15.333333333333334,16,2,0,14.737116
3,2025-06-11 17:00:00,23,37,108.4,27.0,12.0,17.333333333333332,17,2,0,21.140001
3,2025-06-11 18:00:00,11,17,64.65,23.0,15.0,18.666666666666668,18,2,0,17.038258
3,2025-06-11 19:00:00,19,27,81.45,11.0,17.0,20.333333333333332,19,2,0,15.450117
3,2025-06-11 20:00:00,0,0,0.0,19.0,0.0,17.666666666666668,20,2,0,0.75693196
3,2025-06-11 21:00:00,0,0,0.0,0.0,0.0,10.0,21,2,0,0.21682796
3,2025-06-11 22:00:00,0,0,0.0,0.0,0.0,6.333333333333333,22,2,0,0.1608524
3,2025-06-11 23:00:00,0,0,0.0,0.0,0.0,0.0,23,2,0,0.1608524
3,2025-06-12 00:00:00,0,0,0.0,0.0,0.0,0.0,0,3,0,0.0055930936
3,2025-06-12 01:00:00,0,0,0.0,0.0,0.0,0.0,1,3,0,0.0055930936
3,2025-06-12 02:00:00,0,0,0.0,0.0,0.0,0.0,2,3,0,0.0055930936
3,2025-06-12 03:00:00,0,0,0.0,0.0,0.0,0.0,3,3,0,0.0055930936
3,2025-06-12 04:00:00,0,0,0.0,0.0,0.0,0.0,4,3,0,0.0055930936
3,2025-06-12 05:00:00,0,0,0.0,0.0,0.0,0.0,5,3,0,0.0055930936
3,2025-06-12 06:00:00,0,0,0.0,0.0,0.0,0.0,6,3,0,2.6489573
3,2025-06-12 07:00:00,36,54,162.35,0.0,45.0,0.0,7,3,0,30.649364
3,2025-06-12 08:00:00,29,35,126.35,36.0,52.0,12.0,8,3,0,43.317917
3,2025-06-12 09:00:00,50,74,219.65,29.0,61.0,21.666666666666668,9,3,0,35.906265
3,2025-06-12 10:00:00,36,53,168.3,50.0,52.0,38.333333333333336,10,3,0,47.494152
3,2025-06-12 11:00:00,17,26,80.05,36.0,17.0,38.333333333333336,11,3,0,15.871295
3,2025-06-12 12:00:00,7,10,26.15,17.0,15.0,34.333333333333336,12,3,0,13.98891
3,2025-06-12 13:00:00,18,24,81.15,7.0,21.0,20.0,13,3,0,14.585858
3,2025-06-12 14:00:00,13,18,64.1,18.0,19.0,14.0,14,3,0,15.934687
3,2025-06-12 15:00:00,15,23,91.5,13.0,6.0,12.666666666666666,15,3,0,11.400953
3,2025-06-12 16:00:00,11,14,36.1,15.0,27.0,15.333333333333334,16,3,0,16.379486
3,2025-06-12 17:00:00,17,28,91.8,11.0,23.0,13.0,17,3,0,14.208296
3,2025-06-12 18:00:00,15,21,61.3,17.0,11.0,14.333333333333334,18,3,0,13.828833
3,2025-06-12 19:00:00,9,14,35.8,15.0,19.0,14.333333333333334,19,3,0,15.585484
3,2025-06-12 20:00:00,0,0,0.0,9.0,0.0,13.666666666666666,20,3,0,0.68805546
3,2025-06-12 21:00:00,0,0,0.0,0.0,0.0,8.0,21,3,0,0.1608524
3,2025-06-12 22:00:00,0,0,0.0,0.0,0.0,3.0,22,3,0,0.1608524
3,2025-06-12 23:00:00,0,0,0.0,0.0,0.0,0.0,23,3,0,0.1608524
3,2025-06-13 00:00:00,0,0,0.0,0.0,0.0,0.0,0,4,0,-0.020182956
3,2025-06-13 01:00:00,0,0,0.0,0.0,0.0,0.0,1,4,0,-0.020182956
3,2025-06-13 02:00:00,0,0,0.0,0.0,0.0,0.0,2,4,0,-0.020182956
3,2025-06-13 03:00:00,0,0,0.0,0.0,0.0,0.0,3,4,0,-0.020182956
3,2025-06-13 04:00:00,0,0,0.0,0.0,0.0,0.0,4,4,0,-0.020182956
3,2025-06-13 05:00:00,0,0,0.0,0.0,0.0,0.0,5,4,0,-0.020182956
3,2025-06-13 06:00:00,0,0,0.0,0.0,0.0,0.0,6,4,0,2.6231809
3,2025-06-13 07:00:00,61,83,256.9,0.0,36.0,0.0,7,4,0,28.046566
3,2025-06-13 08:00:00,40,52,161.2,61.0,29.0,20.333333333333332,8,4,0,46.65096
3,2025-06-13 09:00:00,54,76,223.3,40.0,50.0,33.666666666666664,9,4,0,42.20118
3,2025-06-13 10:00:00,55,81,236.1,54.0,36.0,51.666666666666664,10,4,0,51.833828
3,2025-06-13 11:00:00,14,19,59.1,55.0,17.0,49.666666666666664,11,4,0,15.884204
3,2025-06-13 12:00:00,17,26,72.0,14.0,7.0,41.0,12,4,0,11.305114
3,2025-06-13 13:00:00,6,9,26.6,17.0,18.0,28.666666666666668,13,4,0,18.482437
3,2025-06-13 14:00:00,17,26,74.25,6.0,13.0,12.333333333333334,14,4,0,11.802639
3,2025-06-13 15:00:00,13,19,57.5,17.0,15.0,13.333333333333334,15,4,0,13.71088
3,2025-06-13 16:00:00,14,20,63.7,13.0,11.0,12.0,16,4,0,11.873838
3,2025-06-13 17:00:00,17,23,70.6,14.0,17.0,14.666666666666666,17,4,0,15.286526
3,2025-06-13 18:00:00,13,17,52.7,17.0,15.0,14.666666666666666,18,4,0,14.388901
3,2025-06-13 19:00:00,20,29,85.5,13.0,9.0,14.666666666666666,19,4,0,11.485056
3,2025-06-13 20:00:00,0,0,0.0,20.0,0.0,16.666666666666668,20,4,0,0.64689714
3,2025-06-13 21:00:00,0,0,0.0,0.0,0.0,11.0,21,4,0,0.19105193
3,2025-06-13 22:00:00,0,0,0.0,0.0,0.0,6.666666666666667,22,4,0,0.13507637
3,2025-06-13 23:00:00,0,0,0.0,0.0,0.0,0.0,23,4,0,0.13507637
3,2025-06-14 00:00:00,0,0,0.0,0.0,0.0,0.0,0,5,1,0.026914665
3,2025-06-14 01:00:00,0,0,0.0,0.0,0.0,0.0,1,5,1,0.026914665
3,2025-06-14 02:00:00,0,0,0.0,0.0,0.0,0.0,2,5,1,0.026914665
3,2025-06-14 03:00:00,0,0,0.0,0.0,0.0,0.0,3,5,1,0.026914665
3,2025-06-14 04:00:00,0,0,0.0,0.0,0.0,0.0,4,5,1,0.026914665
3,2025-06-14 05:00:00,0,0,0.0,0.0,0.0,0.0,5,5,1,0.026914665
3,2025-06-14 06:00:00,0,0,0.0,0.0,0.0,0.0,6,5,1,2.6702785
3,2025-06-14 07:00:00,0,0,0.0,0.0,61.0,0.0,7,5,1,40.78458
3,2025-06-14 08:00:00,65,83,318.75,0.0,40.0,0.0,8,5,1,34.193863
3,2025-06-14 09:00:00,57,82,314.05,65.0,54.0,21.666666666666668,9,5,1,57.519264
3,2025-06-14 10:00:00,59,82,298.65,57.0,55.0,40.666666666666664,10,5,1,50.272022
3,2025-06-14 11:00:00,12,17,51.9,59.0,14.0,60.333333333333336,11,5,1,14.0349
3,2025-06-14 12:00:00,10,15,41.95,12.0,17.0,42.666666666666664,12,5,1,13.675073
3,2025-06-14 13:00:00,16,22,95.2,10.0,6.0,27.0,13,5,1,11.51804
3,2025-06-14 14:00:00,11,17,70.05,16.0,17.0,12.666666666666666,14,5,1,14.64259
3,2025-06-14 15:00:00,14,17,109.8,11.0,13.0,12.333333333333334,15,5,1,12.027336
3,2025-06-14 16:00:00,9,15,42.2,14.0,14.0,13.666666666666666,16,5,1,14.304543
3,2025-06-14 17:00:00,20,31,85.1,9.0,17.0,11.333333333333334,17,5,1,12.210354
3,2025-06-14 18:00:00,14,21,75.05,20.0,13.0,14.333333333333334,18,5,1,15.207943
3,2025-06-14 19:00:00,16,23,85.85,14.0,20.0,14.333333333333334,19,5,1,15.585484
3,2025-06-14 20:00:00,0,0,0.0,16.0,0.0,16.666666666666668,20,5,1,0.63575953
3,2025-06-14 21:00:00,0,0,0.0,0.0,0.0,10.0,21,5,1,0.20707218
3,2025-06-14 22:00:00,0,0,0.0,0.0,0.0,5.333333333333333,22,5,1,0.15109666
3,2025-06-14 23:00:00,0,0,0.0,0.0,0.0,0.0,23,5,1,0.15109666
3,2025-06-15 00:00:00,0,0,0.0,0.0,0.0,0.0,0,6,1,-0.04331946
3,2025-06-15 01:00:00,0,0,0.0,0.0,0.0,0.0,1,6,1,-0.04331946
3,2025-06-15 02:00:00,0,0,0.0,0.0,0.0,0.0,2,6,1,-0.04331946
3,2025-06-15 03:00:00,0,0,0.0,0.0,0.0,0.0,3,6,1,-0.04331946
3,2025-06-15 04:00:00,0,0,0.0,0.0,0.0,0.0,4,6,1,-0.04331946
3,2025-06-15 05:00:00,0,0,0.0,0.0,0.0,0.0,5,6,1,-0.04331946
3,2025-06-15 06:00:00,0,0,0.0,0.0,0.0,0.0,6,6,1,2.5258036
3,2025-06-15 07:00:00,57,79,289.23,0.0,0.0,0.0,7,6,1,3.552176
3,2025-06-15 08:00:00,69,103,377.03,57.0,65.0,19.0,8,6,1,49.82298
3,2025-06-15 09:00:00,93,131,459.15,69.0,57.0,42.0,9,6,1,65.8567
3,2025-06-15 10:00:00,83,116,378.85,93.0,59.0,73.0,10,6,1,77.38526
3,2025-06-15 11:00:00,22,32,118.5,83.0,12.0,81.66666666666667,11,6,1,12.817039
3,2025-06-15 12:00:00,15,22,63.7,22.0,10.0,66.0,12,6,1,12.843004
3,2025-06-15 13:00:00,16,22,60.1,15.0,16.0,40.0,13,6,1,16.28687
3,2025-06-15 14:00:00,16,23,74.55,16.0,11.0,17.666666666666668,14,6,1,15.116989
3,2025-06-15 15:00:00,14,19,79.1,16.0,14.0,15.666666666666666,15,6,1,15.480303
3,2025-06-15 16:00:00,13,20,57.9,14.0,9.0,15.333333333333334,16,6,1,13.113119
3,2025-06-15 17:00:00,12,18,52.9,13.0,20.0,14.333333333333334,17,6,1,15.533329
3,2025-06-15 18:00:00,37,48,190.85,12.0,14.0,13.0,18,6,1,12.359104
3,2025-06-15 19:00:00,21,28,171.35,37.0,16.0,20.666666666666668,19,6,1,25.250359
3,2025-06-15 20:00:00,0,0,0.0,21.0,0.0,23.333333333333332,20,6,1,0.77891773
3,2025-06-15 21:00:00,0,0,0.0,0.0,0.0,19.333333333333332,21,6,1,0.038621847
3,2025-06-15 22:00:00,0,0,0.0,0.0,0.0,7.0,22,6,1,0.046786975
3,2025-06-15 23:00:00,0,0,0.0,0.0,0.0,0.0,23,6,1,0.046786975
3,2025-06-16 00:00:00,0,0,0.0,0.0,0.0,0.0,0,0,0,-0.021050377
3,2025-06-16 01:00:00,0,0,0.0,0.0,0.0,0.0,1,0,0,-0.021050377
3,2025-06-16 02:00:00,0,0,0.0,0.0,0.0,0.0,2,0,0,-0.021050377
3,2025-06-16 03:00:00,0,0,0.0,0.0,0.0,0.0,3,0,0,-0.021050377
3,2025-06-16 04:00:00,0,0,0.0,0.0,0.0,0.0,4,0,0,-0.021050377
3,2025-06-16 05:00:00,0,0,0.0,0.0,0.0,0.0,5,0,0,-0.021050377
3,2025-06-16 06:00:00,0,0,0.0,0.0,0.0,0.0,6,0,0,2.6223135
3,2025-06-16 07:00:00,76,110,356.75,0.0,57.0,0.0,7,0,0,42.251934
3,2025-06-16 08:00:00,61,91,267.7,76.0,69.0,25.333333333333332,8,0,0,61.606606
3,2025-06-16 09:00:00,74,100,315.4,61.0,93.0,45.666666666666664,9,0,0,59.97538
3,2025-06-16 10:00:00,77,104,335.55,74.0,83.0,70.33333333333333,10,0,0,72.3646
3,2025-06-16 11:00:00,22,30,93.65,77.0,22.0,70.66666666666667,11,0,0,18.599258
3,2025-06-16 12:00:00,15,22,78.05,22.0,15.0,57.666666666666664,12,0,0,14.877754
3,2025-06-16 13:00:00,29,40,151.2,15.0,16.0,38.0,13,0,0,16.28687
3,2025-06-16 14:00:00,19,26,83.3,29.0,16.0,22.0,14,0,0,22.906202
3,2025-06-16 15:00:00,23,31,112.55,19.0,14.0,21.0,15,0,0,16.733221
3,2025-06-16 16:00:00,25,36,114.6,23.0,13.0,23.666666666666668,16,0,0,18.731936
3,2025-06-16 17:00:00,18,25,70.15,25.0,12.0,22.333333333333332,17,0,0,21.592884
3,2025-06-16 18:00:00,19,27,86.75,18.0,37.0,22.0,18,0,0,24.915047
3,2025-06-16 19:00:00,25,37,164.15,19.0,21.0,20.666666666666668,19,0,0,18.909908
3,2025-06-16 20:00:00,0,0,0.0,25.0,0.0,20.666666666666668,20,0,0,0.46950534
3,2025-06-16 21:00:00,0,0,0.0,0.0,0.0,14.666666666666666,21,0,0,0.18650785
3,2025-06-16 22:00:00,0,0,0.0,0.0,0.0,8.333333333333334,22,0,0,0.13420895
3,2025-06-16 23:00:00,0,0,0.0,0.0,0.0,0.0,23,0,0,0.13420895
3,2025-06-17 00:00:00,0,0,0.0,0.0,0.0,0.0,0,1,0,0.0055930936
3,2025-06-17 01:00:00,0,0,0.0,0.0,0.0,0.0,1,1,0,0.0055930936
3,2025-06-17 02:00:00,0,0,0.0,0.0,0.0,0.0,2,1,0,0.0055930936
3,2025-06-17 03:00:00,0,0,0.0,0.0,0.0,0.0,3,1,0,0.0055930936
3,2025-06-17 04:00:00,0,0,0.0,0.0,0.0,0.0,4,1,0,0.0055930936
3,2025-06-17 05:00:00,0,0,0.0,0.0,0.0,0.0,5,1,0,0.0055930936
3,2025-06-17 06:00:00,0,0,0.0,0.0,0.0,0.0,6,1,0,2.6489573
3,2025-06-17 07:00:00,78,109,334.85,0.0,76.0,0.0,7,1,0,51.432682
3,2025-06-17 08:00:00,50,70,201.95,78.0,61.0,26.0,8,1,0,60.305256
3,2025-06-17 09:00:00,58,83,298.65,50.0,74.0,42.666666666666664,9,1,0,51.02532
3,2025-06-17 10:00:00,90,123,455.25,58.0,77.0,62.0,10,1,0,59.315834
3,2025-06-17 11:00:00,22,34,120.95,90.0,22.0,66.0,11,1,0,19.354275
3,2025-06-17 12:00:00,16,24,64.0,22.0,15.0,56.666666666666664,12,1,0,14.877754
3,2025-06-17 13:00:00,12,16,46.35,16.0,29.0,42.666666666666664,13,1,0,20.86747
3,2025-06-17 14:00:00,19,28,84.7,12.0,19.0,16.666666666666668,14,1,0,16.640444
3,2025-06-17 15:00:00,15,20,83.4,19.0,23.0,15.666666666666666,15,1,0,17.719784
3,2025-06-17 16:00:00,12,16,46.0,15.0,25.0,15.333333333333334,16,1,0,16.147457
3,2025-06-17 17:00:00,28,39,164.8,12.0,18.0,15.333333333333334,17,1,0,15.226833
3,2025-06-17 18:00:00,21,33,97.05,28.0,19.0,18.333333333333332,18,1,0,22.862066
3,2025-06-17 19:00:00,14,23,74.7,21.0,25.0,20.333333333333332,19,1,0,20.881214
3,2025-06-17 20:00:00,0,0,0.0,14.0,0.0,21.0,20,1,0,0.71181446
3,2025-06-17 21:00:00,0,0,0.0,0.0,0.0,11.666666666666666,21,1,0,0.202885
3,2025-06-17 22:00:00,0,0,0.0,0.0,0.0,4.666666666666667,22,1,0,0.1608524
3,2025-06-17 23:00:00,0,0,0.0,0.0,0.0,0.0,23,1,0,0.1608524
3,2025-06-18 00:00:00,0,0,0.0,0.0,0.0,0.0,0,2,0,0.0055930936
3,2025-06-18 01:00:00,0,0,0.0,0.0,0.0,0.0,1,2,0,0.0055930936
3,2025-06-18 02:00:00,0,0,0.0,0.0,0.0,0.0,2,2,0,0.0055930936
3,2025-06-18 03:00:00,0,0,0.0,0.0,0.0,0.0,3,2,0,0.0055930936
3,2025-06-18 04:00:00,0,0,0.0,0.0,0.0,0.0,4,2,0,0.0055930936
3,2025-06-18 05:00:00,0,0,0.0,0.0,0.0,0.0,5,2,0,0.0055930936
3,2025-06-18 06:00:00,0,0,0.0,0.0,0.0,0.0,6,2,0,2.6489573
3,2025-06-18 07:00:00,65,93,286.95,0.0,78.0,0.0,7,2,0,60.14123
3,2025-06-18 08:00:00,51,73,234.29999999999998,65.0,50.0,21.666666666666668,8,2,0,53.609848
3,2025-06-18 09:00:00,64,87,264.05,51.0,58.0,38.666666666666664,9,2,0,48.938873
3,2025-06-18 10:00:00,93,128,437.25,64.0,90.0,60.0,10,2,0,65.70591
3,2025-06-18 11:00:00,12,17,58.05,93.0,22.0,69.33333333333333,11,2,0,19.354275
3,2025-06-18 12:00:00,19,29,101.95,12.0,16.0,56.333333333333336,12,2,0,13.422704
3,2025-06-18 13:00:00,18,24,75.45,19.0,12.0,41.333333333333336,13,2,0,16.427607
3,2025-06-18 14:00:00,19,30,91.33,18.0,19.0,16.333333333333332,14,2,0,16.850008
3,2025-06-18 15:00:00,12,19,54.05,19.0,15.0,18.666666666666668,15,2,0,16.660803
3,2025-06-18 16:00:00,22,29,114.2,12.0,12.0,16.333333333333332,16,2,0,13.346357
3,2025-06-18 17:00:00,36,46,203.4,22.0,28.0,17.666666666666668,17,2,0,20.686003
3,2025-06-18 18:00:00,10,10,27.25,36.0,21.0,23.333333333333332,18,2,0,27.895613
3,2025-06-18 19:00:00,16,20,96.65,10.0,14.0,22.666666666666668,19,2,0,13.972436
3,2025-06-18 20:00:00,0,0,0.0,16.0,0.0,20.666666666666668,20,2,0,0.67592025
3,2025-06-18 21:00:00,0,0,0.0,0.0,0.0,8.666666666666666,21,2,0,0.21682796
3,2025-06-18 22:00:00,0,0,0.0,0.0,0.0,5.333333333333333,22,2,0,0.1608524
3,2025-06-18 23:00:00,0,0,0.0,0.0,0.0,0.0,23,2,0,0.1608524
3,2025-06-19 00:00:00,0,0,0.0,0.0,0.0,0.0,0,3,0,0.0055930936
3,2025-06-19 01:00:00,0,0,0.0,0.0,0.0,0.0,1,3,0,0.0055930936
3,2025-06-19 02:00:00,0,0,0.0,0.0,0.0,0.0,2,3,0,0.0055930936
3,2025-06-19 03:00:00,0,0,0.0,0.0,0.0,0.0,3,3,0,0.0055930936
3,2025-06-19 04:00:00,0,0,0.0,0.0,0.0,0.0,4,3,0,0.0055930936
3,2025-06-19 05:00:00,0,0,0.0,0.0,0.0,0.0,5,3,0,0.0055930936
3,2025-06-19 06:00:00,0,0,0.0,0.0,0.0,0.0,6,3,0,2.6489573
3,2025-06-19 07:00:00,56,84,302.93,0.0,65.0,0.0,7,3,0,45.909397
3,2025-06-19 08:00:00,73,101,346.9,56.0,51.0,18.666666666666668,8,3,0,49.48699
3,2025-06-19 09:00:00,85,119,417.85,73.0,64.0,43.0,9,3,0,72.024506
3,2025-06-19 10:00:00,92,136,501.5,85.0,93.0,71.33333333333333,10,3,0,79.37929
3,2025-06-19 11:00:00,23,34,126.45,92.0,12.0,83.33333333333333,11,3,0,14.192259
3,2025-06-19 12:00:00,16,23,64.0,23.0,19.0,66.66666666666667,12,3,0,18.99226
3,2025-06-19 13:00:00,18,23,64.4,16.0,18.0,43.666666666666664,13,3,0,17.267387
3,2025-06-19 14:00:00,27,36,152.3,18.0,19.0,19.0,14,3,0,17.550714
3,2025-06-19 15:00:00,13,18,52.75,27.0,12.0,20.333333333333332,15,3,0,21.481842
3,2025-06-19 16:00:00,14,19,61.95,13.0,22.0,19.333333333333332,16,3,0,17.158342
3,2025-06-19 17:00:00,18,24,74.95,14.0,36.0,18.0,17,3,0,21.211653
3,2025-06-19 18:00:00,32,41,190.65,18.0,10.0,15.0,18,3,0,14.41959
3,2025-06-19 19:00:00,22,30,189.8,32.0,16.0,21.333333333333332,19,3,0,23.418245
3,2025-06-19 20:00:00,0,0,0.0,22.0,0.0,24.0,20,3,0,0.9747331
3,2025-06-19 21:00:00,0,0,0.0,0.0,0.0,18.0,21,3,0,0.21315125
3,2025-06-19 22:00:00,0,0,0.0,0.0,0.0,7.333333333333333,22,3,0,0.1608524
3,2025-06-19 23:00:00,0,0,0.0,0.0,0.0,0.0,23,3,0,0.1608524
3,2025-06-20 00:00:00,0,0,0.0,0.0,0.0,0.0,0,4,0,-0.020182956
3,2025-06-20 01:00:00,0,0,0.0,0.0,0.0,0.0,1,4,0,-0.020182956
3,2025-06-20 02:00:00,0,0,0.0,0.0,0.0,0.0,2,4,0,-0.020182956
3,2025-06-20 03:00:00,0,0,0.0,0.0,0.0,0.0,3,4,0,-0.020182956
3,2025-06-20 04:00:00,0,0,0.0,0.0,0.0,0.0,4,4,0,-0.020182956
3,2025-06-20 05:00:00,0,0,0.0,0.0,0.0,0.0,5,4,0,-0.020182956
3,2025-06-20 06:00:00,0,0,0.0,0.0,0.0,0.0,6,4,0,2.6231809
3,2025-06-20 07:00:00,36,37,159.55,0.0,56.0,0.0,7,4,0,41.140198
3,2025-06-20 08:00:00,83,85,309.3,36.0,73.0,12.0,8,4,0,54.552788
3,2025-06-20 09:00:00,78,80,286.5,83.0,85.0,39.666666666666664,9,4,0,65.06977
3,2025-06-20 10:00:00,54,54,207.0,78.0,92.0,65.66666666666667,10,4,0,67.10628
3,2025-06-20 11:00:00,17,17,56.0,54.0,23.0,71.66666666666667,11,4,0,18.000238
3,2025-06-20 12:00:00,13,13,41.55,17.0,16.0,49.666666666666664,12,4,0,14.483195
3,2025-06-20 13:00:00,18,18,78.1,13.0,18.0,28.0,13,4,0,18.044603
3,2025-06-20 14:00:00,30,30,143.35,18.0,27.0,16.0,14,4,0,16.785719
3,2025-06-20 15:00:00,21,21,81.8,30.0,13.0,20.333333333333332,15,4,0,21.578798
3,2025-06-20 16:00:00,21,22,104.95,21.0,14.0,23.0,16,4,0,18.548958
3,2025-06-20 17:00:00,18,18,56.45,21.0,18.0,24.0,17,4,0,20.189035
3,2025-06-20 18:00:00,16,16,45.35,18.0,32.0,20.0,18,4,0,19.140663
3,2025-06-20 19:00:00,29,29,109.48,16.0,22.0,18.333333333333332,19,4,0,16.948782
3,2025-06-20 20:00:00,0,0,0.0,29.0,0.0,21.0,20,4,0,0.48567253
3,2025-06-20 21:00:00,0,0,0.0,0.0,0.0,15.0,21,4,0,0.18737522
3,2025-06-20 22:00:00,0,0,0.0,0.0,0.0,9.666666666666666,22,4,0,0.19105193
3,2025-06-20 23:00:00,0,0,0.0,0.0,0.0,0.0,23,4,0,0.13507637
3,2025-06-21 00:00:00,0,0,0.0,0.0,0.0,0.0,0,5,1,0.026914665
3,2025-06-21 01:00:00,0,0,0.0,0.0,0.0,0.0,1,5,1,0.026914665
3,2025-06-21 02:00:00,0,0,0.0,0.0,0.0,0.0,2,5,1,0.026914665
3,2025-06-21 03:00:00,0,0,0.0,0.0,0.0,0.0,3,5,1,0.026914665
3,2025-06-21 04:00:00,0,0,0.0,0.0,0.0,0.0,4,5,1,0.026914665
3,2025-06-21 05:00:00,0,0,0.0,0.0,0.0,0.0,5,5,1,0.026914665
3,2025-06-21 06:00:00,0,0,0.0,0.0,0.0,0.0,6,5,1,2.6702785
3,2025-06-21 07:00:00,0,0,0.0,0.0,36.0,0.0,7,5,1,28.23017
3,2025-06-21 08:00:00,60,73,261.8,0.0,83.0,0.0,8,5,1,66.19802
3,2025-06-21 09:00:00,77,112,405.1,60.0,78.0,20.0,9,5,1,61.264156
3,2025-06-21 10:00:00,64,84,285.9,77.0,54.0,45.666666666666664,10,5,1,64.7175
3,2025-06-21 11:00:00,12,20,63.1,64.0,17.0,67.0,11,5,1,15.159077
3,2025-06-21 12:00:00,7,9,30.35,12.0,13.0,51.0,12,5,1,11.773797
3,2025-06-21 13:00:00,15,21,82.45,7.0,18.0,27.666666666666668,13,5,1,14.784119
3,2025-06-21 14:00:00,4,6,35.35,15.0,30.0,11.333333333333334,14,5,1,15.447041
3,2025-06-21 15:00:00,20,23,154.15,4.0,21.0,8.666666666666666,15,5,1,12.941349
3,2025-06-21 16:00:00,8,12,30.35,20.0,21.0,13.0,16,5,1,16.897781
3,2025-06-21 17:00:00,16,26,83.2,8.0,18.0,10.666666666666666,17,5,1,12.41514
3,2025-06-21 18:00:00,19,28,92.65,16.0,16.0,14.666666666666666,18,5,1,14.843342
3,2025-06-21 19:00:00,15,24,89.85,19.0,29.0,14.333333333333334,19,5,1,17.9623
3,2025-06-21 20:00:00,0,0,0.0,15.0,0.0,16.666666666666668,20,5,1,0.63575953
3,2025-06-21 21:00:00,0,0,0.0,0.0,0.0,11.333333333333334,21,5,1,0.19274019
3,2025-06-21 22:00:00,0,0,0.0,0.0,0.0,5.0,22,5,1,0.15109666
3,2025-06-21 23:00:00,0,0,0.0,0.0,0.0,0.0,23,5,1,0.15109666
3,2025-06-22 00:00:00,0,0,0.0,0.0,0.0,0.0,0,6,1,-0.04331946
3,2025-06-22 01:00:00,0,0,0.0,0.0,0.0,0.0,1,6,1,-0.04331946
3,2025-06-22 02:00:00,0,0,0.0,0.0,0.0,0.0,2,6,1,-0.04331946
3,2025-06-22 03:00:00,0,0,0.0,0.0,0.0,0.0,3,6,1,-0.04331946
3,2025-06-22 04:00:00,0,0,0.0,0.0,0.0,0.0,4,6,1,-0.04331946
3,2025-06-22 05:00:00,0,0,0.0,0.0,0.0,0.0,5,6,1,-0.04331946
3,2025-06-22 06:00:00,0,0,0.0,0.0,0.0,0.0,6,6,1,2.5258036
3,2025-06-22 07:00:00,33,49,156.6,0.0,0.0,0.0,7,6,1,3.552176
3,2025-06-22 08:00:00,33,52,167.5,33.0,60.0,11.0,8,6,1,42.951313
3,2025-06-22 09:00:00,23,32,101.75,33.0,77.0,22.0,9,6,1,47.642902
3,2025-06-22 10:00:00,31,47,150.7,23.0,64.0,29.666666666666668,10,6,1,37.418224
3,2025-06-22 11:00:00,39,57,178.8,31.0,12.0,29.0,11,6,1,14.176243
3,2025-06-22 12:00:00,32,45,138.2,39.0,7.0,31.0,12,6,1,13.938393
3,2025-06-22 13:00:00,36,59,189.25,32.0,15.0,34.0,13,6,1,20.670847
3,2025-06-22 14:00:00,29,44,146.5,36.0,4.0,35.666666666666664,14,6,1,20.726454
3,2025-06-22 15:00:00,33,49,143.25,29.0,20.0,32.333333333333336,15,6,1,25.3634
3,2025-06-22 16:00:00,44,61,191.15,33.0,8.0,32.666666666666664,16,6,1,24.969109
3,2025-06-22 17:00:00,27,41,116.7,44.0,16.0,35.333333333333336,17,6,1,28.103533
3,2025-06-22 18:00:00,27,45,125.85,27.0,19.0,34.666666666666664,18,6,1,26.619612
3,2025-06-22 19:00:00,20,32,105.8,27.0,15.0,32.666666666666664,19,6,1,19.982607
3,2025-06-22 20:00:00,0,0,0.0,20.0,0.0,24.666666666666668,20,6,1,0.51141244
3,2025-06-22 21:00:00,0,0,0.0,0.0,0.0,15.666666666666666,21,6,1,0.038621847
3,2025-06-22 22:00:00,0,0,0.0,0.0,0.0,6.666666666666667,22,6,1,0.046786975
3,2025-06-22 23:00:00,0,0,0.0,0.0,0.0,0.0,23,6,1,0.046786975
3,2025-06-23 00:00:00,0,0,0.0,0.0,0.0,0.0,0,0,0,-0.021050377
3,2025-06-23 01:00:00,0,0,0.0,0.0,0.0,0.0,1,0,0,-0.021050377
3,2025-06-23 02:00:00,0,0,0.0,0.0,0.0,0.0,2,0,0,-0.021050377
3,2025-06-23 03:00:00,0,0,0.0,0.0,0.0,0.0,3,0,0,-0.021050377
3,2025-06-23 04:00:00,0,0,0.0,0.0,0.0,0.0,4,0,0,-0.021050377
3,2025-06-23 05:00:00,0,0,0.0,0.0,0.0,0.0,5,0,0,-0.021050377
3,2025-06-23 06:00:00,0,0,0.0,0.0,0.0,0.0,6,0,0,2.6223135
3,2025-06-23 07:00:00,38,59,191.2,0.0,33.0,0.0,7,0,0,24.828175
3,2025-06-23 08:00:00,26,38,117.35,38.0,33.0,12.666666666666666,8,0,0,35.58614
3,2025-06-23 09:00:00,21,32,102.7,26.0,23.0,21.333333333333332,9,0,0,25.150864
3,2025-06-23 10:00:00,34,48,147.55,21.0,31.0,28.333333333333332,10,0,0,27.168207
3,2025-06-23 11:00:00,35,53,172.25,34.0,39.0,27.0,11,0,0,29.975313
3,2025-06-23 12:00:00,31,45,136.45,35.0,32.0,30.0,12,0,0,26.567469
3,2025-06-23 13:00:00,32,47,154.0,31.0,36.0,33.333333333333336,13,0,0,32.797123
3,2025-06-23 14:00:00,35,43,121.15,32.0,29.0,32.666666666666664,14,0,0,27.670156
3,2025-06-23 15:00:00,25,32,99.0,35.0,33.0,32.666666666666664,15,0,0,28.722906
3,2025-06-23 16:00:00,40,58,176.35,25.0,44.0,30.666666666666668,16,0,0,29.72545
3,2025-06-23 17:00:00,31,47,158.9,40.0,27.0,33.333333333333336,17,0,0,28.090027
3,2025-06-23 18:00:00,20,34,109.2,31.0,27.0,32.0,18,0,0,27.26672
3,2025-06-23 19:00:00,41,58,178.3,20.0,20.0,30.333333333333332,19,0,0,21.008793
3,2025-06-23 20:00:00,0,0,0.0,41.0,0.0,30.666666666666668,20,0,0,0.37473568
3,2025-06-23 21:00:00,0,0,0.0,0.0,0.0,20.333333333333332,21,0,0,0.17281516
3,2025-06-23 22:00:00,0,0,0.0,0.0,0.0,13.666666666666666,22,0,0,0.18650785
3,2025-06-23 23:00:00,0,0,0.0,0.0,0.0,0.0,23,0,0,0.13420895
3,2025-06-24 00:00:00,0,0,0.0,0.0,0.0,0.0,0,1,0,0.0055930936
3,2025-06-24 01:00:00,0,0,0.0,0.0,0.0,0.0,1,1,0,0.0055930936
3,2025-06-24 02:00:00,0,0,0.0,0.0,0.0,0.0,2,1,0,0.0055930936
3,2025-06-24 03:00:00,0,0,0.0,0.0,0.0,0.0,3,1,0,0.0055930936
3,2025-06-24 04:00:00,0,0,0.0,0.0,0.0,0.0,4,1,0,0.0055930936
3,2025-06-24 05:00:00,0,0,0.0,0.0,0.0,0.0,5,1,0,0.0055930936
3,2025-06-24 06:00:00,0,0,0.0,0.0,0.0,0.0,6,1,0,2.6489573
3,2025-06-24 07:00:00,36,52,162.3,0.0,38.0,0.0,7,1,0,33.158813
3,2025-06-24 08:00:00,32,43,132.35,36.0,26.0,12.0,8,1,0,36.307087
3,2025-06-24 09:00:00,29,41,125.7,32.0,21.0,22.666666666666668,9,1,0,29.6392
3,2025-06-24 10:00:00,37,55,175.2,29.0,34.0,32.333333333333336,10,1,0,30.703794
3,2025-06-24 11:00:00,50,73,220.3,37.0,35.0,32.666666666666664,11,1,0,30.055994
3,2025-06-24 12:00:00,34,46,153.7,50.0,31.0,38.666666666666664,12,1,0,28.720385
3,2025-06-24 13:00:00,41,68,214.7,34.0,32.0,40.333333333333336,13,1,0,32.12143
3,2025-06-24 14:00:00,47,64,204.8,41.0,35.0,41.666666666666664,14,1,0,37.77143
3,2025-06-24 15:00:00,33,51,160.35,47.0,25.0,40.666666666666664,15,1,0,31.293756
3,2025-06-24 16:00:00,33,40,123.85,33.0,40.0,40.333333333333336,16,1,0,38.539715
3,2025-06-24 17:00:00,30,44,131.15,33.0,31.0,37.666666666666664,17,1,0,32.448547
3,2025-06-24 18:00:00,39,56,179.15,30.0,20.0,32.0,18,1,0,25.9443
3,2025-06-24 19:00:00,31,45,134.0,39.0,41.0,34.0,19,1,0,35.208
3,2025-06-24 20:00:00,0,0,0.0,31.0,0.0,33.333333333333336,20,1,0,0.20364046
3,2025-06-24 21:00:00,0,0,0.0,0.0,0.0,23.333333333333332,21,1,0,0.29002064
3,2025-06-24 22:00:00,0,0,0.0,0.0,0.0,10.333333333333334,22,1,0,0.21682796
3,2025-06-24 23:00:00,0,0,0.0,0.0,0.0,0.0,23,1,0,0.1608524
3,2025-06-25 00:00:00,0,0,0.0,0.0,0.0,0.0,0,2,0,0.0055930936
3,2025-06-25 01:00:00,0,0,0.0,0.0,0.0,0.0,1,2,0,0.0055930936
3,2025-06-25 02:00:00,0,0,0.0,0.0,0.0,0.0,2,2,0,0.0055930936
3,2025-06-25 03:00:00,0,0,0.0,0.0,0.0,0.0,3,2,0,0.0055930936
3,2025-06-25 04:00:00,0,0,0.0,0.0,0.0,0.0,4,2,0,0.0055930936
3,2025-06-25 05:00:00,0,0,0.0,0.0,0.0,0.0,5,2,0,0.0055930936
3,2025-06-25 06:00:00,0,0,0.0,0.0,0.0,0.0,6,2,0,2.6489573
3,2025-06-25 07:00:00,29,41,118.85,0.0,36.0,0.0,7,2,0,28.046566
3,2025-06-25 08:00:00,43,67,201.6,29.0,32.0,9.666666666666666,8,2,0,30.269152
3,2025-06-25 09:00:00,17,25,70.45,43.0,29.0,24.0,9,2,0,39.37746
3,2025-06-25 10:00:00,32,49,147.15,17.0,37.0,29.666666666666668,10,2,0,29.1843
3,2025-06-25 11:00:00,28,40,122.55,32.0,50.0,30.666666666666668,11,2,0,33.560738
3,2025-06-25 12:00:00,28,39,118.3,28.0,34.0,25.666666666666668,12,2,0,28.47805
3,2025-06-25 13:00:00,41,56,177.4,28.0,41.0,29.333333333333332,13,2,0,30.753296
3,2025-06-25 14:00:00,28,41,127.8,41.0,47.0,32.333333333333336,14,2,0,36.09455
3,2025-06-25 15:00:00,31,36,115.45,28.0,33.0,32.333333333333336,15,2,0,27.894342
3,2025-06-25 16:00:00,35,47,146.1,31.0,33.0,33.333333333333336,16,2,0,30.102322
3,2025-06-25 17:00:00,27,43,133.95,35.0,30.0,31.333333333333332,17,2,0,27.848324
3,2025-06-25 18:00:00,26,38,114.6,27.0,39.0,31.0,18,2,0,31.710665
3,2025-06-25 19:00:00,31,46,146.5,26.0,31.0,29.333333333333332,19,2,0,26.65024
3,2025-06-25 20:00:00,0,0,0.0,31.0,0.0,28.0,20,2,0,0.79167056
3,2025-06-25 21:00:00,0,0,0.0,0.0,0.0,19.0,21,2,0,0.21315125
3,2025-06-25 22:00:00,0,0,0.0,0.0,0.0,10.333333333333334,22,2,0,0.21682796
3,2025-06-25 23:00:00,0,0,0.0,0.0,0.0,0.0,23,2,0,0.1608524
3,2025-06-26 00:00:00,0,0,0.0,0.0,0.0,0.0,0,3,0,0.0055930936
3,2025-06-26 01:00:00,0,0,0.0,0.0,0.0,0.0,1,3,0,0.0055930936
3,2025-06-26 02:00:00,0,0,0.0,0.0,0.0,0.0,2,3,0,0.0055930936
3,2025-06-26 03:00:00,0,0,0.0,0.0,0.0,0.0,3,3,0,0.0055930936
3,2025-06-26 04:00:00,0,0,0.0,0.0,0.0,0.0,4,3,0,0.0055930936
3,2025-06-26 05:00:00,0,0,0.0,0.0,0.0,0.0,5,3,0,0.0055930936
3,2025-06-26 06:00:00,0,0,0.0,0.0,0.0,0.0,6,3,0,2.6489573
3,2025-06-26 07:00:00,38,56,179.5,0.0,29.0,0.0,7,3,0,24.735598
3,2025-06-26 08:00:00,34,47,147.8,38.0,43.0,12.666666666666666,8,3,0,39.321037
3,2025-06-26 09:00:00,39,62,198.75,34.0,17.0,24.0,9,3,0,31.113665
3,2025-06-26 10:00:00,29,43,128.3,39.0,32.0,37.0,10,3,0,38.81535
3,2025-06-26 11:00:00,30,45,140.0,29.0,28.0,34.0,11,3,0,23.275375
3,2025-06-26 12:00:00,32,48,144.55,30.0,28.0,32.666666666666664,12,3,0,26.077433
3,2025-06-26 13:00:00,32,44,138.45,32.0,41.0,30.333333333333332,13,3,0,32.441956
3,2025-06-26 14:00:00,27,41,132.25,32.0,28.0,31.333333333333332,14,3,0,27.59551
3,2025-06-26 15:00:00,33,45,138.3,27.0,31.0,30.333333333333332,15,3,0,26.939352
3,2025-06-26 16:00:00,40,59,188.7,33.0,35.0,30.666666666666668,16,3,0,31.719374
3,2025-06-26 17:00:00,35,54,165.4,40.0,27.0,33.333333333333336,17,3,0,28.090027
3,2025-06-26 18:00:00,36,48,142.25,35.0,26.0,36.0,18,3,0,31.24052
3,2025-06-26 19:00:00,27,43,130.85,36.0,31.0,37.0,19,3,0,31.810574
3,2025-06-26 20:00:00,0,0,0.0,27.0,0.0,32.666666666666664,20,3,0,0.7310064
3,2025-06-26 21:00:00,0,0,0.0,0.0,0.0,21.0,21,3,0,0.19945855
3,2025-06-26 22:00:00,0,0,0.0,0.0,0.0,9.0,22,3,0,0.21682796
3,2025-06-26 23:00:00,0,0,0.0,0.0,0.0,0.0,23,3,0,0.1608524
3,2025-06-27 00:00:00,0,0,0.0,0.0,0.0,0.0,0,4,0,-0.020182956
3,2025-06-27 01:00:00,0,0,0.0,0.0,0.0,0.0,1,4,0,-0.020182956
3,2025-06-27 02:00:00,0,0,0.0,0.0,0.0,0.0,2,4,0,-0.020182956
3,2025-06-27 03:00:00,0,0,0.0,0.0,0.0,0.0,3,4,0,-0.020182956
3,2025-06-27 04:00:00,0,0,0.0,0.0,0.0,0.0,4,4,0,-0.020182956
3,2025-06-27 05:00:00,0,0,0.0,0.0,0.0,0.0,5,4,0,-0.020182956
3,2025-06-27 06:00:00,0,0,0.0,0.0,0.0,0.0,6,4,0,2.6231809
3,2025-06-27 07:00:00,26,35,105.4,0.0,38.0,0.0,7,4,0,33.158813
3,2025-06-27 08:00:00,34,45,138.85,26.0,34.0,8.666666666666666,8,4,0,28.801855
3,2025-06-27 09:00:00,25,40,122.65,34.0,39.0,20.0,9,4,0,34.535564
3,2025-06-27 10:00:00,38,53,171.8,25.0,29.0,28.333333333333332,10,4,0,27.568958
3,2025-06-27 11:00:00,44,61,189.7,38.0,30.0,32.333333333333336,11,4,0,23.029627
3,2025-06-27 12:00:00,24,36,115.5,44.0,32.0,35.666666666666664,12,4,0,32.60361
3,2025-06-27 13:00:00,32,43,135.0,24.0,32.0,35.333333333333336,13,4,0,30.36821
3,2025-06-27 14:00:00,40,53,167.65,32.0,27.0,33.333333333333336,14,4,0,28.862669
3,2025-06-27 15:00:00,35,49,160.0,40.0,33.0,32.0,15,4,0,28.558563
3,2025-06-27 16:00:00,27,39,122.3,35.0,40.0,35.666666666666664,16,4,0,38.712345
3,2025-06-27 17:00:00,28,44,141.8,27.0,35.0,34.0,17,4,0,31.11425
3,2025-06-27 18:00:00,34,51,145.95,28.0,36.0,30.0,18,4,0,30.173658
3,2025-06-27 19:00:00,34,49,144.95,34.0,27.0,29.666666666666668,19,4,0,27.773678
3,2025-06-27 20:00:00,0,0,0.0,34.0,0.0,32.0,20,4,0,0.37981722
3,2025-06-27 21:00:00,0,0,0.0,0.0,0.0,22.666666666666668,21,4,0,0.26424462
3,2025-06-27 22:00:00,0,0,0.0,0.0,0.0,11.333333333333334,22,4,0,0.17671993
3,2025-06-27 23:00:00,0,0,0.0,0.0,0.0,0.0,23,4,0,0.13507637
3,2025-06-28 00:00:00,0,0,0.0,0.0,0.0,0.0,0,5,1,0.026914665
3,2025-06-28 01:00:00,0,0,0.0,0.0,0.0,0.0,1,5,1,0.026914665
3,2025-06-28 02:00:00,0,0,0.0,0.0,0.0,0.0,2,5,1,0.026914665
3,2025-06-28 03:00:00,0,0,0.0,0.0,0.0,0.0,3,5,1,0.026914665
3,2025-06-28 04:00:00,0,0,0.0,0.0,0.0,0.0,4,5,1,0.026914665
3,2025-06-28 05:00:00,0,0,0.0,0.0,0.0,0.0,5,5,1,0.026914665
3,2025-06-28 06:00:00,0,0,0.0,0.0,0.0,0.0,6,5,1,2.6702785
3,2025-06-28 07:00:00,32,49,144.65,0.0,26.0,0.0,7,5,1,23.880215
3,2025-06-28 08:00:00,35,57,172.0,32.0,34.0,10.666666666666666,8,5,1,33.126076
3,2025-06-28 09:00:00,27,41,125.75,35.0,25.0,22.333333333333332,9,5,1,32.28617
3,2025-06-28 10:00:00,29,44,126.0,27.0,38.0,31.333333333333332,10,5,1,31.838696
3,2025-06-28 11:00:00,39,58,174.35,29.0,44.0,30.333333333333332,11,5,1,29.5401
3,2025-06-28 12:00:00,30,45,132.75,39.0,24.0,31.666666666666668,12,5,1,25.122475
3,2025-06-28 13:00:00,24,33,101.4,30.0,32.0,32.666666666666664,13,5,1,27.500315
3,2025-06-28 14:00:00,29,39,124.65,24.0,40.0,31.0,14,5,1,28.949678
3,2025-06-28 15:00:00,33,49,154.3,29.0,35.0,27.666666666666668,15,5,1,30.837673
3,2025-06-28 16:00:00,27,39,118.05,33.0,27.0,28.666666666666668,16,5,1,28.035385
3,2025-06-28 17:00:00,28,40,117.75,27.0,28.0,29.666666666666668,17,5,1,26.30954
3,2025-06-28 18:00:00,29,40,125.3,28.0,34.0,29.333333333333332,18,5,1,29.679049
3,2025-06-28 19:00:00,31,46,141.15,29.0,34.0,28.0,19,5,1,29.564468
3,2025-06-28 20:00:00,0,0,0.0,31.0,0.0,29.333333333333332,20,5,1,0.72637033
3,2025-06-28 21:00:00,0,0,0.0,0.0,0.0,20.0,21,5,1,0.18970284
3,2025-06-28 22:00:00,0,0,0.0,0.0,0.0,10.333333333333334,22,5,1,0.20707218
3,2025-06-28 23:00:00,0,0,0.0,0.0,0.0,0.0,23,5,1,0.15109666
3,2025-06-29 00:00:00,0,0,0.0,0.0,0.0,0.0,0,6,1,-0.04331946
3,2025-06-29 01:00:00,0,0,0.0,0.0,0.0,0.0,1,6,1,-0.04331946
3,2025-06-29 02:00:00,0,0,0.0,0.0,0.0,0.0,2,6,1,-0.04331946
3,2025-06-29 03:00:00,0,0,0.0,0.0,0.0,0.0,3,6,1,-0.04331946
3,2025-06-29 04:00:00,0,0,0.0,0.0,0.0,0.0,4,6,1,-0.04331946
3,2025-06-29 05:00:00,0,0,0.0,0.0,0.0,0.0,5,6,1,-0.04331946
3,2025-06-29 06:00:00,0,0,0.0,0.0,0.0,0.0,6,6,1,2.5258036
3,2025-06-29 07:00:00,34,47,152.25,0.0,32.0,0.0,7,6,1,25.044624
3,2025-06-29 08:00:00,31,44,150.1,34.0,35.0,11.333333333333334,8,6,1,33.927338
3,2025-06-29 09:00:00,30,44,132.9,31.0,27.0,21.666666666666668,9,6,1,28.831118
3,2025-06-29 10:00:00,35,47,149.85,30.0,29.0,31.666666666666668,10,6,1,30.280987
3,2025-06-29 11:00:00,20,30,98.2,35.0,39.0,32.0,11,6,1,30.981455
3,2025-06-29 12:00:00,36,55,170.25,20.0,30.0,28.333333333333332,12,6,1,23.096397
3,2025-06-29 13:00:00,29,42,132.2,36.0,24.0,30.333333333333332,13,6,1,26.889872
3,2025-06-29 14:00:00,26,37,114.95,29.0,29.0,28.333333333333332,14,6,1,27.415468
3,2025-06-29 15:00:00,31,41,122.15,26.0,33.0,30.333333333333332,15,6,1,27.506628
3,2025-06-29 16:00:00,43,58,187.8,31.0,27.0,28.666666666666668,16,6,1,27.557377
3,2025-06-29 17:00:00,25,39,127.45,43.0,28.0,33.333333333333336,17,6,1,30.075392
3,2025-06-29 18:00:00,35,50,156.85,25.0,29.0,33.0,18,6,1,26.292118
3,2025-06-29 19:00:00,35,51,157.8,35.0,31.0,34.333333333333336,19,6,1,30.675537
3,2025-06-29 20:00:00,0,0,0.0,35.0,0.0,31.666666666666668,20,6,1,0.2940367
3,2025-06-29 21:00:00,0,0,0.0,0.0,0.0,23.333333333333332,21,6,1,0.1154912
3,2025-06-29 22:00:00,0,0,0.0,0.0,0.0,11.666666666666666,22,6,1,0.02835558
3,2025-06-29 23:00:00,0,0,0.0,0.0,0.0,0.0,23,6,1,0.046786975
3,2025-06-30 00:00:00,0,0,0.0,0.0,0.0,0.0,0,0,0,-0.021050377
3,2025-06-30 01:00:00,0,0,0.0,0.0,0.0,0.0,1,0,0,-0.021050377
3,2025-06-30 02:00:00,0,0,0.0,0.0,0.0,0.0,2,0,0,-0.021050377
3,2025-06-30 03:00:00,0,0,0.0,0.0,0.0,0.0,3,0,0,-0.021050377
3,2025-06-30 04:00:00,0,0,0.0,0.0,0.0,0.0,4,0,0,-0.021050377
3,2025-06-30 05:00:00,0,0,0.0,0.0,0.0,0.0,5,0,0,-0.021050377
3,2025-06-30 06:00:00,0,0,0.0,0.0,0.0,0.0,6,0,0,2.6223135
3,2025-06-30 07:00:00,30,45,119.5,0.0,34.0,0.0,7,0,0,25.564392
3,2025-06-30 08:00:00,58,78,254.8,30.0,31.0,10.0,8,0,0,30.79075
3,2025-06-30 09:00:00,45,66,188.8,58.0,30.0,29.333333333333332,9,0,0,44.233837
3,2025-06-30 10:00:00,66,90,295.15,45.0,35.0,44.333333333333336,10,0,0,47.83574
3,2025-06-30 11:00:00,26,38,122.75,66.0,20.0,56.333333333333336,11,0,0,17.325998
3,2025-06-30 12:00:00,17,25,78.3,26.0,36.0,45.666666666666664,12,0,0,31.586542
3,2025-06-30 13:00:00,21,32,98.7,17.0,29.0,36.333333333333336,13,0,0,23.115953
3,2025-06-30 14:00:00,24,32,97.9,21.0,26.0,21.333333333333332,14,0,0,21.395937
3,2025-06-30 15:00:00,17,23,93.5,24.0,31.0,20.666666666666668,15,0,0,23.022593
3,2025-06-30 16:00:00,21,34,103.8,17.0,43.0,20.666666666666668,16,0,0,24.343727
3,2025-06-30 17:00:00,23,33,102.85,21.0,25.0,20.666666666666668,17,0,0,20.910706
3,2025-06-30 18:00:00,31,46,141.2,23.0,35.0,20.333333333333332,18,0,0,25.141367
3,2025-06-30 19:00:00,25,35,110.4,31.0,35.0,25.0,19,0,0,30.31452
5,2025-06-01 00:00:00,0,0,0.0,0.0,0.0,0.0,0,6,1,0.17229861
5,2025-06-01 01:00:00,0,0,0.0,0.0,0.0,0.0,1,6,1,0.17229861
5,2025-06-01 02:00:00,0,0,0.0,0.0,0.0,0.0,2,6,1,0.17229861
5,2025-06-01 03:00:00,0,0,0.0,0.0,0.0,0.0,3,6,1,0.17229861
5,2025-06-01 04:00:00,0,0,0.0,0.0,0.0,0.0,4,6,1,0.17229861
5,2025-06-01 05:00:00,0,0,0.0,0.0,0.0,0.0,5,6,1,0.17229861
5,2025-06-01 06:00:00,0,0,0.0,0.0,22.0,0.0,6,6,1,18.956121
5,2025-06-01 07:00:00,40,64,195.15,0.0,45.0,0.0,7,6,1,33.588764
5,2025-06-01 08:00:00,28,37,110.75,40.0,47.0,13.333333333333334,8,6,1,40.66838
5,2025-06-01 09:00:00,42,65,197.2,28.0,41.0,22.666666666666668,9,6,1,31.654612
5,2025-06-01 10:00:00,28,38,127.6,42.0,54.0,36.666666666666664,10,6,1,45.657852
5,2025-06-01 11:00:00,32,45,142.5,28.0,15.0,32.666666666666664,11,6,1,14.231006
5,2025-06-01 12:00:00,24,33,101.65,32.0,17.0,34.0,12,6,1,19.19596
5,2025-06-01 13:00:00,32,46,153.35,24.0,13.0,28.0,13,6,1,18.19716
5,2025-06-01 14:00:00,30,42,141.4,32.0,18.0,29.333333333333332,14,6,1,26.059782
5,2025-06-01 15:00:00,37,58,180.75,30.0,9.0,28.666666666666668,15,6,1,21.712006
5,2025-06-01 16:00:00,20,28,84.45,37.0,13.0,33.0,16,6,1,23.692837
5,2025-06-01 17:00:00,23,33,101.65,20.0,12.0,29.0,17,6,1,17.377771
5,2025-06-01 18:00:00,14,22,66.5,23.0,11.0,26.666666666666668,18,6,1,15.077041
5,2025-06-01 19:00:00,0,0,0.0,14.0,1.0,19.0,19,6,1,1.8018963
5,2025-06-01 20:00:00,0,0,0.0,0.0,2.0,12.333333333333334,20,6,1,2.3067389
5,2025-06-01 21:00:00,0,0,0.0,0.0,0.0,4.666666666666667,21,6,1,0.027954381
5,2025-06-01 22:00:00,0,0,0.0,0.0,0.0,0.0,22,6,1,0.027954381
5,2025-06-01 23:00:00,0,0,0.0,0.0,0.0,0.0,23,6,1,0.027954381
5,2025-06-02 00:00:00,0,0,0.0,0.0,0.0,0.0,0,0,0,0.19456774
5,2025-06-02 01:00:00,0,0,0.0,0.0,0.0,0.0,1,0,0,0.19456774
5,2025-06-02 02:00:00,0,0,0.0,0.0,0.0,0.0,2,0,0,0.19456774
5,2025-06-02 03:00:00,0,0,0.0,0.0,0.0,0.0,3,0,0,0.19456774
5,2025-06-02 04:00:00,0,0,0.0,0.0,0.0,0.0,4,0,0,0.19456774
5,2025-06-02 05:00:00,0,0,0.0,0.0,0.0,0.0,5,0,0,0.19456774
5,2025-06-02 06:00:00,0,0,0.0,0.0,0.0,0.0,6,0,0,2.8379307
5,2025-06-02 07:00:00,32,43,139.2,0.0,40.0,0.0,7,0,0,32.69736
5,2025-06-02 08:00:00,35,51,162.35,32.0,28.0,10.666666666666666,8,0,0,30.11501
5,2025-06-02 09:00:00,27,38,113.85,35.0,42.0,22.333333333333332,9,0,0,36.27949
5,2025-06-02 10:00:00,26,33,94.15,27.0,28.0,31.333333333333332,10,0,0,27.813457
5,2025-06-02 11:00:00,23,33,101.2,26.0,32.0,29.333333333333332,11,0,0,24.028624
5,2025-06-02 12:00:00,36,49,149.4,23.0,24.0,25.333333333333332,12,0,0,21.275661
5,2025-06-02 13:00:00,22,34,107.35,36.0,32.0,28.333333333333332,13,0,0,26.573748
5,2025-06-02 14:00:00,34,51,165.25,22.0,30.0,27.0,14,0,0,24.94303
5,2025-06-02 15:00:00,29,43,122.65,34.0,37.0,30.666666666666668,15,0,0,32.56506
5,2025-06-02 16:00:00,29,38,110.0,29.0,20.0,28.333333333333332,16,0,0,24.674843
5,2025-06-02 17:00:00,26,38,120.55,29.0,23.0,30.666666666666668,17,0,0,26.153343
5,2025-06-02 18:00:00,11,14,53.5,26.0,14.0,28.0,18,0,0,18.841578
5,2025-06-02 19:00:00,0,0,0.0,11.0,0.0,22.0,19,0,0,0.7107843
5,2025-06-02 20:00:00,0,0,0.0,0.0,0.0,12.333333333333334,20,0,0,0.15740907
5,2025-06-02 21:00:00,0,0,0.0,0.0,0.0,3.6666666666666665,21,0,0,0.115376465
5,2025-06-02 22:00:00,0,0,0.0,0.0,0.0,0.0,22,0,0,0.115376465
5,2025-06-02 23:00:00,0,0,0.0,0.0,0.0,0.0,23,0,0,0.115376465
5,2025-06-03 00:00:00,0,0,0.0,0.0,0.0,0.0,0,1,0,0.2212112
5,2025-06-03 01:00:00,0,0,0.0,0.0,0.0,0.0,1,1,0,0.2212112
5,2025-06-03 02:00:00,0,0,0.0,0.0,0.0,0.0,2,1,0,0.2212112
5,2025-06-03 03:00:00,0,0,0.0,0.0,0.0,0.0,3,1,0,0.2212112
5,2025-06-03 04:00:00,0,0,0.0,0.0,0.0,0.0,4,1,0,0.2212112
5,2025-06-03 05:00:00,0,0,0.0,0.0,0.0,0.0,5,1,0,0.2212112
5,2025-06-03 06:00:00,0,0,0.0,0.0,0.0,0.0,6,1,0,2.8645744
5,2025-06-03 07:00:00,35,48,150.7,0.0,32.0,0.0,7,1,0,25.169804
5,2025-06-03 08:00:00,31,47,155.4,35.0,35.0,11.666666666666666,8,1,0,35.552204
5,2025-06-03 09:00:00,30,43,120.4,31.0,27.0,22.0,9,1,0,28.569035
5,2025-06-03 10:00:00,32,44,133.2,30.0,26.0,32.0,10,1,0,30.012453
5,2025-06-03 11:00:00,37,58,170.5,32.0,23.0,31.0,11,1,0,20.340178
5,2025-06-03 12:00:00,42,61,188.9,37.0,36.0,33.0,12,1,0,28.374926
5,2025-06-03 13:00:00,27,36,113.6,42.0,22.0,37.0,13,1,0,26.009642
5,2025-06-03 14:00:00,27,43,136.35,27.0,34.0,35.333333333333336,14,1,0,34.344692
5,2025-06-03 15:00:00,34,48,147.45,27.0,29.0,32.0,15,1,0,25.650276
5,2025-06-03 16:00:00,27,34,107.6,34.0,29.0,29.333333333333332,16,1,0,27.188263
5,2025-06-03 17:00:00,28,39,122.05,27.0,26.0,29.333333333333332,17,1,0,25.249863
5,2025-06-03 18:00:00,11,15,54.2,28.0,11.0,29.666666666666668,18,1,0,17.861082
5,2025-06-03 19:00:00,0,0,0.0,11.0,0.0,22.0,19,1,0,0.7374277
5,2025-06-03 20:00:00,0,0,0.0,0.0,0.0,13.0,20,1,0,0.18405253
5,2025-06-03 21:00:00,0,0,0.0,0.0,0.0,3.6666666666666665,21,1,0,0.14201993
5,2025-06-03 22:00:00,0,0,0.0,0.0,0.0,0.0,22,1,0,0.14201993
5,2025-06-03 23:00:00,0,0,0.0,0.0,0.0,0.0,23,1,0,0.14201993
5,2025-06-04 00:00:00,0,0,0.0,0.0,0.0,0.0,0,2,0,0.2212112
5,2025-06-04 01:00:00,0,0,0.0,0.0,0.0,0.0,1,2,0,0.2212112
5,2025-06-04 02:00:00,0,0,0.0,0.0,0.0,0.0,2,2,0,0.2212112
5,2025-06-04 03:00:00,0,0,0.0,0.0,0.0,0.0,3,2,0,0.2212112
5,2025-06-04 04:00:00,0,0,0.0,0.0,0.0,0.0,4,2,0,0.2212112
5,2025-06-04 05:00:00,0,0,0.0,0.0,0.0,0.0,5,2,0,0.2212112
5,2025-06-04 06:00:00,0,0,0.0,0.0,0.0,0.0,6,2,0,2.8645744
5,2025-06-04 07:00:00,25,39,116.45,0.0,35.0,0.0,7,2,0,28.486973
5,2025-06-04 08:00:00,25,34,109.55,25.0,31.0,8.333333333333334,8,2,0,27.915745
5,2025-06-04 09:00:00,35,52,160.45,25.0,30.0,16.666666666666668,9,2,0,24.804502
5,2025-06-04 10:00:00,29,47,139.15,35.0,32.0,28.333333333333332,10,2,0,30.835836
5,2025-06-04 11:00:00,30,42,132.0,29.0,37.0,29.666666666666668,11,2,0,28.54059
5,2025-06-04 12:00:00,29,46,135.0,30.0,42.0,31.333333333333332,12,2,0,28.822124
5,2025-06-04 13:00:00,21,29,88.9,29.0,27.0,29.333333333333332,13,2,0,25.542948
5,2025-06-04 14:00:00,30,47,147.45,21.0,27.0,26.666666666666668,14,2,0,24.133663
5,2025-06-04 15:00:00,47,68,216.1,30.0,34.0,26.666666666666668,15,2,0,29.510557
5,2025-06-04 16:00:00,20,29,90.2,47.0,27.0,32.666666666666664,16,2,0,29.371267
5,2025-06-04 17:00:00,39,57,175.25,20.0,28.0,32.333333333333336,17,2,0,23.217552
5,2025-06-04 18:00:00,21,28,84.85,39.0,11.0,35.333333333333336,18,2,0,21.88081
5,2025-06-04 19:00:00,0,0,0.0,21.0,0.0,26.666666666666668,19,2,0,2.1040983
5,2025-06-04 20:00:00,0,0,0.0,0.0,0.0,20.0,20,2,0,0.1148019
5,2025-06-04 21:00:00,0,0,0.0,0.0,0.0,7.0,21,2,0,0.14201993
5,2025-06-04 22:00:00,0,0,0.0,0.0,0.0,0.0,22,2,0,0.14201993
5,2025-06-04 23:00:00,0,0,0.0,0.0,0.0,0.0,23,2,0,0.14201993
5,2025-06-05 00:00:00,0,0,0.0,0.0,0.0,0.0,0,3,0,0.2212112
5,2025-06-05 01:00:00,0,0,0.0,0.0,0.0,0.0,1,3,0,0.2212112
5,2025-06-05 02:00:00,0,0,0.0,0.0,0.0,0.0,2,3,0,0.2212112
5,2025-06-05 03:00:00,0,0,0.0,0.0,0.0,0.0,3,3,0,0.2212112
5,2025-06-05 04:00:00,0,0,0.0,0.0,0.0,0.0,4,3,0,0.2212112
5,2025-06-05 05:00:00,0,0,0.0,0.0,0.0,0.0,5,3,0,0.2212112
5,2025-06-05 06:00:00,0,0,0.0,0.0,0.0,0.0,6,3,0,2.8645744
5,2025-06-05 07:00:00,25,37,115.1,0.0,25.0,0.0,7,3,0,19.48777
5,2025-06-05 08:00:00,37,49,152.35,25.0,25.0,8.333333333333334,8,3,0,25.3493
5,2025-06-05 09:00:00,29,39,123.15,37.0,35.0,20.666666666666668,9,3,0,35.23291
5,2025-06-05 10:00:00,35,49,149.95,29.0,29.0,30.333333333333332,10,3,0,28.70298
5,2025-06-05 11:00:00,35,47,155.0,35.0,30.0,33.666666666666664,11,3,0,23.119217
5,2025-06-05 12:00:00,32,45,138.8,35.0,29.0,33.0,12,3,0,25.573088
5,2025-06-05 13:00:00,22,31,94.1,32.0,21.0,34.0,13,3,0,25.822773
5,2025-06-05 14:00:00,39,54,166.25,22.0,30.0,29.666666666666668,14,3,0,25.511063
5,2025-06-05 15:00:00,34,49,159.65,39.0,47.0,31.0,15,3,0,35.361122
5,2025-06-05 16:00:00,19,25,78.5,34.0,20.0,31.666666666666668,16,3,0,26.419096
5,2025-06-05 17:00:00,28,42,136.9,19.0,39.0,30.666666666666668,17,3,0,27.10209
5,2025-06-05 18:00:00,13,20,67.25,28.0,21.0,27.0,18,3,0,25.76517
5,2025-06-05 19:00:00,0,0,0.0,13.0,0.0,20.0,19,3,0,0.96460336
5,2025-06-05 20:00:00,0,0,0.0,0.0,0.0,13.666666666666666,20,3,0,0.12849459
5,2025-06-05 21:00:00,0,0,0.0,0.0,0.0,4.333333333333333,21,3,0,0.14201993
5,2025-06-05 22:00:00,0,0,0.0,0.0,0.0,0.0,22,3,0,0.14201993
5,2025-06-05 23:00:00,0,0,0.0,0.0,0.0,0.0,23,3,0,0.14201993
5,2025-06-06 00:00:00,0,0,0.0,0.0,0.0,0.0,0,4,0,0.19543517
5,2025-06-06 01:00:00,0,0,0.0,0.0,0.0,0.0,1,4,0,0.19543517
5,2025-06-06 02:00:00,0,0,0.0,0.0,0.0,0.0,2,4,0,0.19543517
5,2025-06-06 03:00:00,0,0,0.0,0.0,0.0,0.0,3,4,0,0.19543517
5,2025-06-06 04:00:00,0,0,0.0,0.0,0.0,0.0,4,4,0,0.19543517
5,2025-06-06 05:00:00,0,0,0.0,0.0,0.0,0.0,5,4,0,0.19543517
5,2025-06-06 06:00:00,0,0,0.0,0.0,0.0,0.0,6,4,0,2.838798
5,2025-06-06 07:00:00,43,62,193.0,0.0,25.0,0.0,7,4,0,19.48777
5,2025-06-06 08:00:00,29,43,137.35,43.0,37.0,14.333333333333334,8,4,0,37.72795
5,2025-06-06 09:00:00,30,38,113.2,29.0,29.0,24.0,9,4,0,28.299011
5,2025-06-06 10:00:00,36,50,151.0,30.0,35.0,34.0,10,4,0,35.510406
5,2025-06-06 11:00:00,28,36,116.55,36.0,35.0,31.666666666666668,11,4,0,29.059904
5,2025-06-06 12:00:00,30,49,142.55,28.0,32.0,31.333333333333332,12,4,0,25.470922
5,2025-06-06 13:00:00,30,41,131.45,30.0,22.0,31.333333333333332,13,4,0,25.719997
5,2025-06-06 14:00:00,30,41,120.8,30.0,39.0,29.333333333333332,14,4,0,33.42344
5,2025-06-06 15:00:00,37,51,158.25,30.0,34.0,30.0,15,4,0,29.510557
5,2025-06-06 16:00:00,28,38,116.9,37.0,19.0,32.333333333333336,16,4,0,26.123625
5,2025-06-06 17:00:00,32,49,152.6,28.0,28.0,31.666666666666668,17,4,0,25.715473
5,2025-06-06 18:00:00,13,17,56.75,32.0,13.0,32.333333333333336,18,4,0,20.300581
5,2025-06-06 19:00:00,0,0,0.0,13.0,0.0,24.333333333333332,19,4,0,1.6063759
5,2025-06-06 20:00:00,0,0,0.0,0.0,0.0,15.0,20,4,0,0.10271856
5,2025-06-06 21:00:00,0,0,0.0,0.0,0.0,4.333333333333333,21,4,0,0.11624386
5,2025-06-06 22:00:00,0,0,0.0,0.0,0.0,0.0,22,4,0,0.11624386
5,2025-06-06 23:00:00,0,0,0.0,0.0,0.0,0.0,23,4,0,0.11624386
5,2025-06-07 00:00:00,0,0,0.0,0.0,0.0,0.0,0,5,1,0.24253276
5,2025-06-07 01:00:00,0,0,0.0,0.0,0.0,0.0,1,5,1,0.24253276
5,2025-06-07 02:00:00,0,0,0.0,0.0,0.0,0.0,2,5,1,0.24253276
5,2025-06-07 03:00:00,0,0,0.0,0.0,0.0,0.0,3,5,1,0.24253276
5,2025-06-07 04:00:00,0,0,0.0,0.0,0.0,0.0,4,5,1,0.24253276
5,2025-06-07 05:00:00,0,0,0.0,0.0,0.0,0.0,5,5,1,0.24253276
5,2025-06-07 06:00:00,6,9,36.5,0.0,0.0,0.0,6,5,1,2.8858957
5,2025-06-07 07:00:00,56,74,264.3,6.0,43.0,2.0,7,5,1,33.453236
5,2025-06-07 08:00:00,60,90,264.9,56.0,29.0,20.666666666666668,8,5,1,41.710163
5,2025-06-07 09:00:00,45,62,264.05,60.0,30.0,40.666666666666664,9,5,1,49.343487
5,2025-06-07 10:00:00,77,111,328.0,45.0,36.0,53.666666666666664,10,5,1,48.224236
5,2025-06-07 11:00:00,15,20,58.65,77.0,28.0,60.666666666666664,11,5,1,18.938164
5,2025-06-07 12:00:00,16,24,65.65,15.0,30.0,45.666666666666664,12,5,1,20.25873
5,2025-06-07 13:00:00,0,0,0.0,16.0,30.0,36.0,13,5,1,21.24556
5,2025-06-07 14:00:00,0,0,0.0,0.0,30.0,10.333333333333334,14,5,1,10.171986
5,2025-06-07 15:00:00,0,0,0.0,0.0,37.0,5.333333333333333,15,5,1,19.066263
5,2025-06-07 16:00:00,0,0,0.0,0.0,28.0,0.0,16,5,1,8.244053
5,2025-06-07 17:00:00,0,0,0.0,0.0,32.0,0.0,17,5,1,9.840307
5,2025-06-07 18:00:00,0,0,0.0,0.0,13.0,0.0,18,5,1,4.5858665
5,2025-06-07 19:00:00,0,0,0.0,0.0,0.0,0.0,19,5,1,0.11157677
5,2025-06-07 20:00:00,0,0,0.0,0.0,0.0,0.0,20,5,1,0.13226412
5,2025-06-07 21:00:00,0,0,0.0,0.0,0.0,0.0,21,5,1,0.13226412
5,2025-06-07 22:00:00,0,0,0.0,0.0,0.0,0.0,22,5,1,0.13226412
5,2025-06-07 23:00:00,0,0,0.0,0.0,0.0,0.0,23,5,1,0.13226412
5,2025-06-08 00:00:00,0,0,0.0,0.0,0.0,0.0,0,6,1,0.17229861
5,2025-06-08 01:00:00,0,0,0.0,0.0,0.0,0.0,1,6,1,0.17229861
5,2025-06-08 02:00:00,0,0,0.0,0.0,0.0,0.0,2,6,1,0.17229861
5,2025-06-08 03:00:00,0,0,0.0,0.0,0.0,0.0,3,6,1,0.17229861
5,2025-06-08 04:00:00,0,0,0.0,0.0,0.0,0.0,4,6,1,0.17229861
5,2025-06-08 05:00:00,0,0,0.0,0.0,0.0,0.0,5,6,1,0.17229861
5,2025-06-08 06:00:00,0,0,0.0,0.0,6.0,0.0,6,6,1,6.0555916
5,2025-06-08 07:00:00,38,54,155.1,0.0,56.0,0.0,7,6,1,40.224777
5,2025-06-08 08:00:00,75,105,402.45,38.0,60.0,12.666666666666666,8,6,1,39.280964
5,2025-06-08 09:00:00,57,79,282.05,75.0,45.0,37.666666666666664,9,6,1,62.776802
5,2025-06-08 10:00:00,81,117,402.75,57.0,77.0,56.666666666666664,10,6,1,54.036453
5,2025-06-08 11:00:00,22,35,115.5,81.0,15.0,71.0,11,6,1,13.021609
5,2025-06-08 12:00:00,19,28,84.05,22.0,16.0,53.333333333333336,12,6,1,16.088356
5,2025-06-08 13:00:00,17,25,68.95,19.0,0.0,40.666666666666664,13,6,1,10.599283
5,2025-06-08 14:00:00,8,14,44.7,17.0,0.0,19.333333333333332,14,6,1,11.067916
5,2025-06-08 15:00:00,15,19,57.25,8.0,0.0,14.666666666666666,15,6,1,9.2139635
5,2025-06-08 16:00:00,14,22,62.35,15.0,0.0,13.333333333333334,16,6,1,9.932318
5,2025-06-08 17:00:00,9,11,35.75,14.0,0.0,12.333333333333334,17,6,1,8.765936
5,2025-06-08 18:00:00,27,42,118.7,9.0,0.0,12.666666666666666,18,6,1,6.728233
5,2025-06-08 19:00:00,15,25,82.9,27.0,0.0,16.666666666666668,19,6,1,0.6815918
5,2025-06-08 20:00:00,10,15,42.3,15.0,0.0,17.0,20,6,1,0.62527835
5,2025-06-08 21:00:00,0,0,0.0,10.0,0.0,17.333333333333332,21,6,1,0.70240676
5,2025-06-08 22:00:00,0,0,0.0,0.0,0.0,8.333333333333334,22,6,1,0.027954381
5,2025-06-08 23:00:00,0,0,0.0,0.0,0.0,3.3333333333333335,23,6,1,0.027954381
5,2025-06-09 00:00:00,0,0,0.0,0.0,0.0,0.0,0,0,0,0.19456774
5,2025-06-09 01:00:00,0,0,0.0,0.0,0.0,0.0,1,0,0,0.19456774
5,2025-06-09 02:00:00,0,0,0.0,0.0,0.0,0.0,2,0,0,0.19456774
5,2025-06-09 03:00:00,0,0,0.0,0.0,0.0,0.0,3,0,0,0.19456774
5,2025-06-09 04:00:00,0,0,0.0,0.0,0.0,0.0,4,0,0,0.19456774
5,2025-06-09 05:00:00,0,0,0.0,0.0,0.0,0.0,5,0,0,0.19456774
5,2025-06-09 06:00:00,0,0,0.0,0.0,0.0,0.0,6,0,0,2.8379307
5,2025-06-09 07:00:00,42,60,223.37,0.0,38.0,0.0,7,0,0,33.467598
5,2025-06-09 08:00:00,51,77,308.7,42.0,75.0,14.0,8,0,0,44.581486
5,2025-06-09 09:00:00,74,106,461.39,51.0,57.0,31.0,9,0,0,45.517616
5,2025-06-09 10:00:00,85,122,474.62,74.0,81.0,55.666666666666664,10,0,0,74.82245
5,2025-06-09 11:00:00,11,17,60.09,85.0,22.0,70.0,11,0,0,18.790783
5,2025-06-09 12:00:00,18,26,70.84,11.0,19.0,56.666666666666664,12,0,0,15.193705
5,2025-06-09 13:00:00,13,15,45.38,18.0,17.0,38.0,13,0,0,16.10039
5,2025-06-09 14:00:00,17,22,70.28,13.0,8.0,14.0,14,0,0,12.223095
5,2025-06-09 15:00:00,18,26,98.23,17.0,15.0,16.0,15,0,0,15.136191
5,2025-06-09 16:00:00,8,12,43.730000000000004,18.0,14.0,16.0,16,0,0,15.482343
5,2025-06-09 17:00:00,12,18,63.94,8.0,9.0,14.333333333333334,17,0,0,10.349157
5,2025-06-09 18:00:00,22,28,117.59,12.0,27.0,12.666666666666666,18,0,0,15.191008
5,2025-06-09 19:00:00,14,19,94.97,22.0,15.0,14.0,19,0,0,14.837812
5,2025-06-09 20:00:00,7,8,25.95,14.0,10.0,16.0,20,0,0,4.665244
5,2025-06-09 21:00:00,0,0,0.0,7.0,0.0,14.333333333333334,21,0,0,0.75698495
5,2025-06-09 22:00:00,0,0,0.0,0.0,0.0,7.0,22,0,0,0.115376465
5,2025-06-09 23:00:00,0,0,0.0,0.0,0.0,2.3333333333333335,23,0,0,0.115376465
5,2025-06-10 00:00:00,0,0,0.0,0.0,0.0,0.0,0,1,0,0.2212112
5,2025-06-10 01:00:00,0,0,0.0,0.0,0.0,0.0,1,1,0,0.2212112
5,2025-06-10 02:00:00,0,0,0.0,0.0,0.0,0.0,2,1,0,0.2212112
5,2025-06-10 03:00:00,0,0,0.0,0.0,0.0,0.0,3,1,0,0.2212112
5,2025-06-10 04:00:00,0,0,0.0,0.0,0.0,0.0,4,1,0,0.2212112
5,2025-06-10 05:00:00,0,0,0.0,0.0,0.0,0.0,5,1,0,0.2212112
5,2025-06-10 06:00:00,47,67,212.6,0.0,0.0,0.0,6,1,0,2.8645744
5,2025-06-10 07:00:00,50,67,234.85,47.0,42.0,15.666666666666666,7,1,0,41.98985
5,2025-06-10 08:00:00,55,70,285.6,50.0,51.0,32.333333333333336,8,1,0,45.11206
5,2025-06-10 09:00:00,61,88,308.0,55.0,74.0,50.666666666666664,9,1,0,51.136024
5,2025-06-10 10:00:00,41,57,178.6,61.0,85.0,55.333333333333336,10,1,0,66.36726
5,2025-06-10 11:00:00,20,29,99.65,41.0,11.0,52.333333333333336,11,1,0,12.682631
5,2025-06-10 12:00:00,23,34,103.25,20.0,18.0,40.666666666666664,12,1,0,17.277956
5,2025-06-10 13:00:00,19,29,77.15,23.0,13.0,28.0,13,1,0,16.984686
5,2025-06-10 14:00:00,23,38,111.3,19.0,17.0,20.666666666666668,14,1,0,17.584288
5,2025-06-10 15:00:00,13,17,91.75,23.0,18.0,21.666666666666668,15,1,0,19.054548
5,2025-06-10 16:00:00,20,30,90.5,13.0,8.0,18.333333333333332,16,1,0,13.402452
5,2025-06-10 17:00:00,13,17,48.9,20.0,12.0,18.666666666666668,17,1,0,15.953354
5,2025-06-10 18:00:00,11,15,44.45,13.0,22.0,15.333333333333334,18,1,0,14.801101
5,2025-06-10 19:00:00,0,0,0.0,11.0,14.0,14.666666666666666,19,1,0,11.150415
5,2025-06-10 20:00:00,0,0,0.0,0.0,7.0,8.0,20,1,0,1.683271
5,2025-06-10 21:00:00,0,0,0.0,0.0,0.0,3.6666666666666665,21,1,0,0.14201993
5,2025-06-10 22:00:00,0,0,0.0,0.0,0.0,0.0,22,1,0,0.14201993
5,2025-06-10 23:00:00,0,0,0.0,0.0,0.0,0.0,23,1,0,0.14201993
5,2025-06-11 00:00:00,0,0,0.0,0.0,0.0,0.0,0,2,0,0.2212112
5,2025-06-11 01:00:00,0,0,0.0,0.0,0.0,0.0,1,2,0,0.2212112
5,2025-06-11 02:00:00,0,0,0.0,0.0,0.0,0.0,2,2,0,0.2212112
5,2025-06-11 03:00:00,0,0,0.0,0.0,0.0,0.0,3,2,0,0.2212112
5,2025-06-11 04:00:00,0,0,0.0,0.0,0.0,0.0,4,2,0,0.2212112
5,2025-06-11 05:00:00,0,0,0.0,0.0,0.0,0.0,5,2,0,0.2212112
5,2025-06-11 06:00:00,60,81,237.15,0.0,47.0,0.0,6,2,0,30.586481
5,2025-06-11 07:00:00,52,71,223.85,60.0,50.0,20.0,7,2,0,51.758022
5,2025-06-11 08:00:00,49,69,212.3,52.0,55.0,37.333333333333336,8,2,0,46.104446
5,2025-06-11 09:00:00,38,50,139.65,49.0,61.0,53.666666666666664,9,2,0,48.2769
5,2025-06-11 10:00:00,46,68,196.35,38.0,41.0,46.333333333333336,10,2,0,44.167267
5,2025-06-11 11:00:00,6,8,26.75,46.0,20.0,44.333333333333336,11,2,0,17.161318
5,2025-06-11 12:00:00,25,36,95.5,6.0,23.0,30.0,12,2,0,12.582467
5,2025-06-11 13:00:00,21,28,166.1,25.0,19.0,25.666666666666668,13,2,0,21.48377
5,2025-06-11 14:00:00,25,42,150.08,21.0,23.0,17.333333333333332,14,2,0,19.814306
5,2025-06-11 15:00:00,20,32,96.7,25.0,13.0,23.666666666666668,15,2,0,20.567913
5,2025-06-11 16:00:00,19,27,77.9,20.0,20.0,22.0,16,2,0,18.325287
5,2025-06-11 17:00:00,13,16,46.05,19.0,13.0,21.333333333333332,17,2,0,15.939661
5,2025-06-11 18:00:00,11,15,44.05,13.0,11.0,17.333333333333332,18,2,0,10.921533
5,2025-06-11 19:00:00,0,0,0.0,11.0,0.0,14.333333333333334,19,2,0,0.75083756
5,2025-06-11 20:00:00,0,0,0.0,0.0,0.0,8.0,20,2,0,0.14201993
5,2025-06-11 21:00:00,0,0,0.0,0.0,0.0,3.6666666666666665,21,2,0,0.14201993
5,2025-06-11 22:00:00,0,0,0.0,0.0,0.0,0.0,22,2,0,0.14201993
5,2025-06-11 23:00:00,0,0,0.0,0.0,0.0,0.0,23,2,0,0.14201993
5,2025-06-12 00:00:00,0,0,0.0,0.0,0.0,0.0,0,3,0,0.2212112
5,2025-06-12 01:00:00,0,0,0.0,0.0,0.0,0.0,1,3,0,0.2212112
5,2025-06-12 02:00:00,0,0,0.0,0.0,0.0,0.0,2,3,0,0.2212112
5,2025-06-12 03:00:00,0,0,0.0,0.0,0.0,0.0,3,3,0,0.2212112
5,2025-06-12 04:00:00,0,0,0.0,0.0,0.0,0.0,4,3,0,0.2212112
5,2025-06-12 05:00:00,0,0,0.0,0.0,0.0,0.0,5,3,0,0.2212112
5,2025-06-12 06:00:00,53,76,227.35,0.0,60.0,0.0,6,3,0,29.53732
5,2025-06-12 07:00:00,58,88,259.5,53.0,52.0,17.666666666666668,7,3,0,46.38385
5,2025-06-12 08:00:00,36,56,161.25,58.0,49.0,37.0,8,3,0,47.21793
5,2025-06-12 09:00:00,48,67,197.35,36.0,38.0,49.0,9,3,0,44.515324
5,2025-06-12 10:00:00,77,111,362.5,48.0,46.0,47.333333333333336,10,3,0,45.96969
5,2025-06-12 11:00:00,12,18,47.6,77.0,6.0,53.666666666666664,11,3,0,9.551153
5,2025-06-12 12:00:00,20,28,80.55,12.0,25.0,45.666666666666664,12,3,0,15.02277
5,2025-06-12 13:00:00,14,23,62.9,20.0,21.0,36.333333333333336,13,3,0,20.196516
5,2025-06-12 14:00:00,29,40,153.3,14.0,25.0,15.333333333333334,14,3,0,15.764056
5,2025-06-12 15:00:00,23,36,143.5,29.0,20.0,21.0,15,3,0,23.051464
5,2025-06-12 16:00:00,27,39,131.85,23.0,19.0,22.0,16,3,0,19.549507
5,2025-06-12 17:00:00,24,31,86.1,27.0,13.0,26.333333333333332,17,3,0,21.190788
5,2025-06-12 18:00:00,15,23,63.75,24.0,11.0,24.666666666666668,18,3,0,15.085697
5,2025-06-12 19:00:00,0,0,0.0,15.0,0.0,22.0,19,3,0,0.96409315
5,2025-06-12 20:00:00,0,0,0.0,0.0,0.0,13.0,20,3,0,0.18405253
5,2025-06-12 21:00:00,0,0,0.0,0.0,0.0,5.0,21,3,0,0.14201993
5,2025-06-12 22:00:00,0,0,0.0,0.0,0.0,0.0,22,3,0,0.14201993
5,2025-06-12 23:00:00,0,0,0.0,0.0,0.0,0.0,23,3,0,0.14201993
5,2025-06-13 00:00:00,0,0,0.0,0.0,0.0,0.0,0,4,0,0.19543517
5,2025-06-13 01:00:00,0,0,0.0,0.0,0.0,0.0,1,4,0,0.19543517
5,2025-06-13 02:00:00,0,0,0.0,0.0,0.0,0.0,2,4,0,0.19543517
5,2025-06-13 03:00:00,0,0,0.0,0.0,0.0,0.0,3,4,0,0.19543517
5,2025-06-13 04:00:00,0,0,0.0,0.0,0.0,0.0,4,4,0,0.19543517
5,2025-06-13 05:00:00,0,0,0.0,0.0,0.0,0.0,5,4,0,0.19543517
5,2025-06-13 06:00:00,0,0,0.0,0.0,53.0,0.0,6,4,0,31.54996
5,2025-06-13 07:00:00,71,113,328.05,0.0,58.0,0.0,7,4,0,41.056477
5,2025-06-13 08:00:00,68,109,355.9,71.0,36.0,23.666666666666668,8,4,0,53.403824
5,2025-06-13 09:00:00,63,92,295.03,68.0,48.0,46.333333333333336,9,4,0,63.21977
5,2025-06-13 10:00:00,64,98,282.23,63.0,77.0,67.33333333333333,10,4,0,65.86294
5,2025-06-13 11:00:00,28,42,127.85,64.0,12.0,65.0,11,4,0,13.643184
5,2025-06-13 12:00:00,25,41,130.45,28.0,20.0,51.666666666666664,12,4,0,21.820671
5,2025-06-13 13:00:00,15,19,61.8,25.0,14.0,39.0,13,4,0,19.683105
5,2025-06-13 14:00:00,23,40,175.1,15.0,29.0,22.666666666666668,14,4,0,19.022497
5,2025-06-13 15:00:00,32,46,164.5,23.0,23.0,21.0,15,4,0,21.118944
5,2025-06-13 16:00:00,26,39,148.25,32.0,27.0,23.333333333333332,16,4,0,25.267714
5,2025-06-13 17:00:00,19,30,91.75,26.0,24.0,27.0,17,4,0,24.448238
5,2025-06-13 18:00:00,13,20,54.2,19.0,15.0,25.666666666666668,18,4,0,15.803141
5,2025-06-13 19:00:00,0,0,0.0,13.0,0.0,19.333333333333332,19,4,0,0.95251983
5,2025-06-13 20:00:00,0,0,0.0,0.0,0.0,10.666666666666666,20,4,0,0.17221943
5,2025-06-13 21:00:00,0,0,0.0,0.0,0.0,4.333333333333333,21,4,0,0.11624386
5,2025-06-13 22:00:00,0,0,0.0,0.0,0.0,0.0,22,4,0,0.11624386
5,2025-06-13 23:00:00,0,0,0.0,0.0,0.0,0.0,23,4,0,0.11624386
5,2025-06-14 00:00:00,0,0,0.0,0.0,0.0,0.0,0,5,1,0.24253276
5,2025-06-14 01:00:00,0,0,0.0,0.0,0.0,0.0,1,5,1,0.24253276
5,2025-06-14 02:00:00,0,0,0.0,0.0,0.0,0.0,2,5,1,0.24253276
5,2025-06-14 03:00:00,0,0,0.0,0.0,0.0,0.0,3,5,1,0.24253276
5,2025-06-14 04:00:00,0,0,0.0,0.0,0.0,0.0,4,5,1,0.24253276
5,2025-06-14 05:00:00,0,0,0.0,0.0,0.0,0.0,5,5,1,0.24253276
5,2025-06-14 06:00:00,0,0,0.0,0.0,0.0,0.0,6,5,1,2.8858957
5,2025-06-14 07:00:00,55,76,254.03,0.0,71.0,0.0,7,5,1,40.934006
5,2025-06-14 08:00:00,67,90,305.05,55.0,68.0,18.333333333333332,8,5,1,48.297077
5,2025-06-14 09:00:00,62,83,270.8,67.0,63.0,40.666666666666664,9,5,1,59.997826
5,2025-06-14 10:00:00,77,96,322.13,62.0,64.0,61.333333333333336,10,5,1,65.41709
5,2025-06-14 11:00:00,15,20,54.45,77.0,28.0,68.66666666666667,11,5,1,18.000204
5,2025-06-14 12:00:00,11,12,57.35,15.0,25.0,51.333333333333336,12,5,1,15.647965
5,2025-06-14 13:00:00,23,29,142.4,11.0,15.0,34.333333333333336,13,5,1,12.8245325
5,2025-06-14 14:00:00,16,22,72.4,23.0,23.0,16.333333333333332,14,5,1,19.80717
5,2025-06-14 15:00:00,19,23,79.3,16.0,32.0,16.666666666666668,15,5,1,17.257303
5,2025-06-14 16:00:00,22,29,98.1,19.0,26.0,19.333333333333332,16,5,1,18.565908
5,2025-06-14 17:00:00,16,19,64.95,22.0,19.0,19.0,17,5,1,18.817963
5,2025-06-14 18:00:00,10,12,30.4,16.0,13.0,19.0,18,5,1,13.355322
5,2025-06-14 19:00:00,0,0,0.0,10.0,0.0,16.0,19,5,1,0.8656514
5,2025-06-14 20:00:00,0,0,0.0,0.0,0.0,8.666666666666666,20,5,1,0.18823968
5,2025-06-14 21:00:00,0,0,0.0,0.0,0.0,3.3333333333333335,21,5,1,0.13226412
5,2025-06-14 22:00:00,0,0,0.0,0.0,0.0,0.0,22,5,1,0.13226412
5,2025-06-14 23:00:00,0,0,0.0,0.0,0.0,0.0,23,5,1,0.13226412
5,2025-06-15 00:00:00,0,0,0.0,0.0,0.0,0.0,0,6,1,0.17229861
5,2025-06-15 01:00:00,0,0,0.0,0.0,0.0,0.0,1,6,1,0.17229861
5,2025-06-15 02:00:00,0,0,0.0,0.0,0.0,0.0,2,6,1,0.17229861
5,2025-06-15 03:00:00,0,0,0.0,0.0,0.0,0.0,3,6,1,0.17229861
5,2025-06-15 04:00:00,0,0,0.0,0.0,0.0,0.0,4,6,1,0.17229861
5,2025-06-15 05:00:00,0,0,0.0,0.0,0.0,0.0,5,6,1,0.17229861
5,2025-06-15 06:00:00,52,78,243.3,0.0,0.0,0.0,6,6,1,2.7414212
5,2025-06-15 07:00:00,39,57,182.05,52.0,55.0,17.333333333333332,7,6,1,46.68814
5,2025-06-15 08:00:00,40,54,154.2,39.0,67.0,30.333333333333332,8,6,1,40.692535
5,2025-06-15 09:00:00,30,50,164.75,40.0,62.0,43.666666666666664,9,6,1,44.447124
5,2025-06-15 10:00:00,65,86,294.05,30.0,77.0,36.333333333333336,10,6,1,41.902794
5,2025-06-15 11:00:00,22,27,82.05,65.0,15.0,45.0,11,6,1,12.971081
5,2025-06-15 12:00:00,23,30,88.45,22.0,11.0,39.0,12,6,1,13.635158
5,2025-06-15 13:00:00,20,27,87.7,23.0,23.0,36.666666666666664,13,6,1,22.362143
5,2025-06-15 14:00:00,24,33,104.9,20.0,16.0,21.666666666666668,14,6,1,17.328579
5,2025-06-15 15:00:00,20,24,86.6,24.0,19.0,22.333333333333332,15,6,1,20.910511
5,2025-06-15 16:00:00,22,25,68.1,20.0,22.0,21.333333333333332,16,6,1,19.02519
5,2025-06-15 17:00:00,6,9,22.85,22.0,16.0,22.0,17,6,1,18.238827
5,2025-06-15 18:00:00,14,18,65.85,6.0,10.0,16.0,18,6,1,8.378343
5,2025-06-15 19:00:00,0,0,0.0,14.0,0.0,14.0,19,6,1,0.66053075
5,2025-06-15 20:00:00,0,0,0.0,0.0,0.0,6.666666666666667,20,6,1,0.027954381
5,2025-06-15 21:00:00,0,0,0.0,0.0,0.0,4.666666666666667,21,6,1,0.027954381
5,2025-06-15 22:00:00,0,0,0.0,0.0,0.0,0.0,22,6,1,0.027954381
5,2025-06-15 23:00:00,0,0,0.0,0.0,0.0,0.0,23,6,1,0.027954381
5,2025-06-16 00:00:00,0,0,0.0,0.0,0.0,0.0,0,0,0,0.19456774
5,2025-06-16 01:00:00,0,0,0.0,0.0,0.0,0.0,1,0,0,0.19456774
5,2025-06-16 02:00:00,0,0,0.0,0.0,0.0,0.0,2,0,0,0.19456774
5,2025-06-16 03:00:00,0,0,0.0,0.0,0.0,0.0,3,0,0,0.19456774
5,2025-06-16 04:00:00,0,0,0.0,0.0,0.0,0.0,4,0,0,0.19456774
5,2025-06-16 05:00:00,0,0,0.0,0.0,0.0,0.0,5,0,0,0.19456774
5,2025-06-16 06:00:00,33,44,157.6,0.0,52.0,0.0,6,0,0,36.896362
5,2025-06-16 07:00:00,32,45,134.5,33.0,39.0,11.0,7,0,0,37.16452
5,2025-06-16 08:00:00,58,85,294.18,32.0,40.0,21.666666666666668,8,0,0,35.04707
5,2025-06-16 09:00:00,51,71,218.25,58.0,30.0,41.0,9,0,0,46.722538
5,2025-06-16 10:00:00,48,63,228.35,51.0,65.0,47.0,10,0,0,48.272057
5,2025-06-16 11:00:00,26,32,99.05,48.0,22.0,52.333333333333336,11,0,0,18.460402
5,2025-06-16 12:00:00,35,44,134.15,26.0,23.0,41.666666666666664,12,0,0,22.606112
5,2025-06-16 13:00:00,18,24,74.45,35.0,20.0,36.333333333333336,13,0,0,24.194883
5,2025-06-16 14:00:00,21,26,94.75,18.0,24.0,26.333333333333332,14,0,0,19.637878
5,2025-06-16 15:00:00,39,51,161.05,21.0,20.0,24.666666666666668,15,0,0,20.349022
5,2025-06-16 16:00:00,35,41,143.75,39.0,22.0,26.0,16,0,0,26.87033
5,2025-06-16 17:00:00,7,9,25.35,35.0,6.0,31.666666666666668,17,0,0,20.796568
5,2025-06-16 18:00:00,9,13,40.25,7.0,14.0,27.0,18,0,0,12.407235
5,2025-06-16 19:00:00,0,0,0.0,9.0,0.0,17.0,19,0,0,0.8086025
5,2025-06-16 20:00:00,0,0,0.0,0.0,0.0,5.333333333333333,20,0,0,0.115376465
5,2025-06-16 21:00:00,0,0,0.0,0.0,0.0,3.0,21,0,0,0.115376465
5,2025-06-16 22:00:00,0,0,0.0,0.0,0.0,0.0,22,0,0,0.115376465
5,2025-06-16 23:00:00,0,0,0.0,0.0,0.0,0.0,23,0,0,0.115376465
5,2025-06-17 00:00:00,0,0,0.0,0.0,0.0,0.0,0,1,0,0.2212112
5,2025-06-17 01:00:00,0,0,0.0,0.0,0.0,0.0,1,1,0,0.2212112
5,2025-06-17 02:00:00,0,0,0.0,0.0,0.0,0.0,2,1,0,0.2212112
5,2025-06-17 03:00:00,0,0,0.0,0.0,0.0,0.0,3,1,0,0.2212112
5,2025-06-17 04:00:00,0,0,0.0,0.0,0.0,0.0,4,1,0,0.2212112
5,2025-06-17 05:00:00,0,0,0.0,0.0,0.0,0.0,5,1,0,0.2212112
5,2025-06-17 06:00:00,56,79,264.1,0.0,33.0,0.0,6,1,0,22.359606
5,2025-06-17 07:00:00,56,81,234.4,56.0,32.0,18.666666666666668,7,1,0,41.220936
5,2025-06-17 08:00:00,46,67,192.65,56.0,58.0,37.333333333333336,8,1,0,49.42185
5,2025-06-17 09:00:00,43,61,215.25,46.0,51.0,52.666666666666664,9,1,0,47.442688
5,2025-06-17 10:00:00,48,68,228.45,43.0,48.0,48.333333333333336,10,1,0,44.677223
5,2025-06-17 11:00:00,19,27,81.35,48.0,26.0,45.666666666666664,11,1,0,21.522915
5,2025-06-17 12:00:00,23,26,105.1,19.0,35.0,36.666666666666664,12,1,0,26.867273
5,2025-06-17 13:00:00,21,27,83.15,23.0,18.0,30.0,13,1,0,19.96569
5,2025-06-17 14:00:00,14,16,43.55,21.0,21.0,21.0,14,1,0,20.502014
5,2025-06-17 15:00:00,14,21,51.5,14.0,39.0,19.333333333333332,15,1,0,23.755548
5,2025-06-17 16:00:00,21,25,94.9,14.0,35.0,16.333333333333332,16,1,0,20.749033
5,2025-06-17 17:00:00,22,29,99.3,21.0,7.0,16.333333333333332,17,1,0,15.7985
5,2025-06-17 18:00:00,8,10,31.15,22.0,9.0,19.0,18,1,0,13.574066
5,2025-06-17 19:00:00,0,0,0.0,8.0,0.0,17.0,19,1,0,0.76294094
5,2025-06-17 20:00:00,0,0,0.0,0.0,0.0,10.0,20,1,0,0.19799545
5,2025-06-17 21:00:00,0,0,0.0,0.0,0.0,2.6666666666666665,21,1,0,0.14201993
5,2025-06-17 22:00:00,0,0,0.0,0.0,0.0,0.0,22,1,0,0.14201993
5,2025-06-17 23:00:00,0,0,0.0,0.0,0.0,0.0,23,1,0,0.14201993
5,2025-06-18 00:00:00,0,0,0.0,0.0,0.0,0.0,0,2,0,0.2212112
5,2025-06-18 01:00:00,0,0,0.0,0.0,0.0,0.0,1,2,0,0.2212112
5,2025-06-18 02:00:00,0,0,0.0,0.0,0.0,0.0,2,2,0,0.2212112
5,2025-06-18 03:00:00,0,0,0.0,0.0,0.0,0.0,3,2,0,0.2212112
5,2025-06-18 04:00:00,0,0,0.0,0.0,0.0,0.0,4,2,0,0.2212112
5,2025-06-18 05:00:00,0,0,0.0,0.0,0.0,0.0,5,2,0,0.2212112
5,2025-06-18 06:00:00,47,66,220.25,0.0,56.0,0.0,6,2,0,30.448887
5,2025-06-18 07:00:00,45,62,219.38,47.0,56.0,15.666666666666666,7,2,0,47.33257
5,2025-06-18 08:00:00,38,51,143.35,45.0,46.0,30.666666666666668,8,2,0,41.731163
5,2025-06-18 09:00:00,44,66,237.65,38.0,43.0,43.333333333333336,9,2,0,42.795128
5,2025-06-18 10:00:00,48,63,207.25,44.0,48.0,42.333333333333336,10,2,0,43.78299
5,2025-06-18 11:00:00,20,26,93.85,48.0,19.0,43.333333333333336,11,2,0,17.161318
5,2025-06-18 12:00:00,22,28,109.4,20.0,23.0,37.333333333333336,12,2,0,19.262945
5,2025-06-18 13:00:00,28,35,115.6,22.0,21.0,30.0,13,2,0,22.589598
5,2025-06-18 14:00:00,31,39,139.85,28.0,14.0,23.333333333333332,14,2,0,20.52927
5,2025-06-18 15:00:00,25,30,93.95,31.0,14.0,27.0,15,2,0,22.662376
5,2025-06-18 16:00:00,30,40,110.95,25.0,21.0,28.0,16,2,0,24.930126
5,2025-06-18 17:00:00,14,19,70.3,30.0,22.0,28.666666666666668,17,2,0,26.663378
5,2025-06-18 18:00:00,10,12,43.5,14.0,8.0,23.0,18,2,0,9.598422
5,2025-06-18 19:00:00,0,0,0.0,10.0,0.0,18.0,19,2,0,0.8352459
5,2025-06-18 20:00:00,0,0,0.0,0.0,0.0,8.0,20,2,0,0.14201993
5,2025-06-18 21:00:00,0,0,0.0,0.0,0.0,3.3333333333333335,21,2,0,0.14201993
5,2025-06-18 22:00:00,0,0,0.0,0.0,0.0,0.0,22,2,0,0.14201993
5,2025-06-18 23:00:00,0,0,0.0,0.0,0.0,0.0,23,2,0,0.14201993
5,2025-06-19 00:00:00,0,0,0.0,0.0,0.0,0.0,0,3,0,0.2212112
5,2025-06-19 01:00:00,0,0,0.0,0.0,0.0,0.0,1,3,0,0.2212112
5,2025-06-19 02:00:00,0,0,0.0,0.0,0.0,0.0,2,3,0,0.2212112
5,2025-06-19 03:00:00,0,0,0.0,0.0,0.0,0.0,3,3,0,0.2212112
5,2025-06-19 04:00:00,0,0,0.0,0.0,0.0,0.0,4,3,0,0.2212112
5,2025-06-19 05:00:00,0,0,0.0,0.0,0.0,0.0,5,3,0,0.2212112
5,2025-06-19 06:00:00,57,85,244.3,0.0,47.0,0.0,6,3,0,29.70975
5,2025-06-19 07:00:00,45,59,221.7,57.0,45.0,19.0,7,3,0,44.668137
5,2025-06-19 08:00:00,51,71,206.15,45.0,38.0,34.0,8,3,0,44.907024
5,2025-06-19 09:00:00,36,50,145.15,51.0,44.0,51.0,9,3,0,46.2705
5,2025-06-19 10:00:00,40,58,164.9,36.0,48.0,44.0,10,3,0,42.93596
5,2025-06-19 11:00:00,26,33,135.75,40.0,20.0,42.333333333333336,11,3,0,17.161318
5,2025-06-19 12:00:00,34,42,126.5,26.0,22.0,34.0,12,3,0,22.498278
5,2025-06-19 13:00:00,19,28,97.4,34.0,28.0,33.333333333333336,13,3,0,27.642014
5,2025-06-19 14:00:00,19,27,71.85,19.0,31.0,26.333333333333332,14,3,0,22.875835
5,2025-06-19 15:00:00,25,29,110.55,19.0,25.0,24.0,15,3,0,20.230143
5,2025-06-19 16:00:00,21,28,75.65,25.0,30.0,21.0,16,3,0,22.476158
5,2025-06-19 17:00:00,15,18,60.35,21.0,14.0,21.666666666666668,17,3,0,16.912462
5,2025-06-19 18:00:00,12,18,73.15,15.0,10.0,20.333333333333332,18,3,0,11.318994
5,2025-06-19 19:00:00,0,0,0.0,12.0,0.0,16.0,19,3,0,0.97829604
5,2025-06-19 20:00:00,0,0,0.0,0.0,0.0,9.0,20,3,0,0.19799545
5,2025-06-19 21:00:00,0,0,0.0,0.0,0.0,4.0,21,3,0,0.14201993
5,2025-06-19 22:00:00,0,0,0.0,0.0,0.0,0.0,22,3,0,0.14201993
5,2025-06-19 23:00:00,0,0,0.0,0.0,0.0,0.0,23,3,0,0.14201993
5,2025-06-20 00:00:00,0,0,0.0,0.0,0.0,0.0,0,4,0,0.19543517
5,2025-06-20 01:00:00,0,0,0.0,0.0,0.0,0.0,1,4,0,0.19543517
5,2025-06-20 02:00:00,0,0,0.0,0.0,0.0,0.0,2,4,0,0.19543517
5,2025-06-20 03:00:00,0,0,0.0,0.0,0.0,0.0,3,4,0,0.19543517
5,2025-06-20 04:00:00,0,0,0.0,0.0,0.0,0.0,4,4,0,0.19543517
5,2025-06-20 05:00:00,0,0,0.0,0.0,0.0,0.0,5,4,0,0.19543517
5,2025-06-20 06:00:00,0,0,0.0,0.0,57.0,0.0,6,4,0,32.19338
5,2025-06-20 07:00:00,76,124,359.6,0.0,45.0,0.0,7,4,0,30.746262
5,2025-06-20 08:00:00,51,96,281.23,76.0,51.0,25.333333333333332,8,4,0,51.14232
5,2025-06-20 09:00:00,47,79,229.4,51.0,36.0,42.333333333333336,9,4,0,47.93704
5,2025-06-20 10:00:00,72,109,361.25,47.0,40.0,58.0,10,4,0,49.376354
5,2025-06-20 11:00:00,19,29,110.7,72.0,26.0,56.666666666666664,11,4,0,19.234951
5,2025-06-20 12:00:00,7,10,28.0,19.0,34.0,46.0,12,4,0,25.877089
5,2025-06-20 13:00:00,16,26,84.0,7.0,19.0,32.666666666666664,13,4,0,13.598846
5,2025-06-20 14:00:00,20,36,112.8,16.0,19.0,14.0,14,4,0,15.261229
5,2025-06-20 15:00:00,21,41,107.15,20.0,25.0,14.333333333333334,15,4,0,17.306974
5,2025-06-20 16:00:00,16,32,99.60000000000001,21.0,21.0,19.0,16,4,0,19.89094
5,2025-06-20 17:00:00,21,39,125.6,16.0,15.0,19.0,17,4,0,15.380531
5,2025-06-20 18:00:00,6,8,30.3,21.0,12.0,19.333333333333332,18,4,0,14.883999
5,2025-06-20 19:00:00,0,0,0.0,6.0,0.0,14.333333333333334,19,4,0,0.8524862
5,2025-06-20 20:00:00,0,0,0.0,0.0,0.0,9.0,20,4,0,0.17221943
5,2025-06-20 21:00:00,0,0,0.0,0.0,0.0,2.0,21,4,0,0.11624386
5,2025-06-20 22:00:00,0,0,0.0,0.0,0.0,0.0,22,4,0,0.11624386
5,2025-06-20 23:00:00,0,0,0.0,0.0,0.0,0.0,23,4,0,0.11624386
5,2025-06-21 00:00:00,0,0,0.0,0.0,0.0,0.0,0,5,1,0.24253276
5,2025-06-21 01:00:00,0,0,0.0,0.0,0.0,0.0,1,5,1,0.24253276
5,2025-06-21 02:00:00,0,0,0.0,0.0,0.0,0.0,2,5,1,0.24253276
5,2025-06-21 03:00:00,0,0,0.0,0.0,0.0,0.0,3,5,1,0.24253276
5,2025-06-21 04:00:00,0,0,0.0,0.0,0.0,0.0,4,5,1,0.24253276
5,2025-06-21 05:00:00,0,0,0.0,0.0,0.0,0.0,5,5,1,0.24253276
5,2025-06-21 06:00:00,0,0,0.0,0.0,0.0,0.0,6,5,1,2.8858957
5,2025-06-21 07:00:00,64,111,370.65,0.0,76.0,0.0,7,5,1,42.706127
5,2025-06-21 08:00:00,45,73,223.35,64.0,51.0,21.333333333333332,8,5,1,51.300137
5,2025-06-21 09:00:00,46,82,253.65,45.0,47.0,36.333333333333336,9,5,1,48.616352
5,2025-06-21 10:00:00,57,95,317.85,46.0,72.0,51.666666666666664,10,5,1,48.53014
5,2025-06-21 11:00:00,20,38,105.7,57.0,19.0,49.333333333333336,11,5,1,17.161318
5,2025-06-21 12:00:00,20,28,76.35,20.0,7.0,41.0,12,5,1,11.826435
5,2025-06-21 13:00:00,21,31,147.4,20.0,16.0,32.333333333333336,13,5,1,17.203005
5,2025-06-21 14:00:00,29,41,139.0,21.0,20.0,20.333333333333332,14,5,1,19.354227
5,2025-06-21 15:00:00,14,23,65.9,29.0,21.0,23.333333333333332,15,5,1,24.897121
5,2025-06-21 16:00:00,13,22,73.6,14.0,16.0,21.333333333333332,16,5,1,16.434605
5,2025-06-21 17:00:00,9,20,55.7,13.0,21.0,18.666666666666668,17,5,1,16.886532
5,2025-06-21 18:00:00,13,22,61.15,9.0,6.0,12.0,18,5,1,7.706292
5,2025-06-21 19:00:00,0,0,0.0,13.0,0.0,11.666666666666666,19,5,1,0.7849093
5,2025-06-21 20:00:00,0,0,0.0,0.0,0.0,7.333333333333333,20,5,1,0.13226412
5,2025-06-21 21:00:00,0,0,0.0,0.0,0.0,4.333333333333333,21,5,1,0.13226412
5,2025-06-21 22:00:00,0,0,0.0,0.0,0.0,0.0,22,5,1,0.13226412
5,2025-06-21 23:00:00,0,0,0.0,0.0,0.0,0.0,23,5,1,0.13226412
5,2025-06-22 00:00:00,0,0,0.0,0.0,0.0,0.0,0,6,1,0.17229861
5,2025-06-22 01:00:00,0,0,0.0,0.0,0.0,0.0,1,6,1,0.17229861
5,2025-06-22 02:00:00,0,0,0.0,0.0,0.0,0.0,2,6,1,0.17229861
5,2025-06-22 03:00:00,0,0,0.0,0.0,0.0,0.0,3,6,1,0.17229861
5,2025-06-22 04:00:00,0,0,0.0,0.0,0.0,0.0,4,6,1,0.17229861
5,2025-06-22 05:00:00,0,0,0.0,0.0,0.0,0.0,5,6,1,0.17229861
5,2025-06-22 06:00:00,58,91,270.75,0.0,0.0,0.0,6,6,1,2.7414212
5,2025-06-22 07:00:00,44,79,247.55,58.0,64.0,19.333333333333332,7,6,1,47.10815
5,2025-06-22 08:00:00,52,93,310.5,44.0,45.0,34.0,8,6,1,42.919395
5,2025-06-22 09:00:00,46,80,233.65,52.0,46.0,51.333333333333336,9,6,1,46.593384
5,2025-06-22 10:00:00,47,81,267.95,46.0,57.0,47.333333333333336,10,6,1,47.79169
5,2025-06-22 11:00:00,21,37,116.5,47.0,20.0,48.333333333333336,11,6,1,16.480022
5,2025-06-22 12:00:00,23,39,117.95,21.0,20.0,38.0,12,6,1,18.53934
5,2025-06-22 13:00:00,16,25,85.6,23.0,21.0,30.333333333333332,13,6,1,22.589598
5,2025-06-22 14:00:00,22,37,122.05,16.0,29.0,20.0,14,6,1,18.22197
5,2025-06-22 15:00:00,19,35,101.95,22.0,14.0,20.333333333333332,15,6,1,17.266129
5,2025-06-22 16:00:00,22,41,128.85,19.0,13.0,19.0,16,6,1,16.133425
5,2025-06-22 17:00:00,23,39,112.15,22.0,9.0,21.0,17,6,1,15.600358
5,2025-06-22 18:00:00,6,11,30.5,23.0,13.0,21.333333333333332,18,6,1,15.100987
5,2025-06-22 19:00:00,0,0,0.0,6.0,0.0,17.0,19,6,1,0.7675646
5,2025-06-22 20:00:00,0,0,0.0,0.0,0.0,9.666666666666666,20,6,1,0.023465943
5,2025-06-22 21:00:00,0,0,0.0,0.0,0.0,2.0,21,6,1,0.027954381
5,2025-06-22 22:00:00,0,0,0.0,0.0,0.0,0.0,22,6,1,0.027954381
5,2025-06-22 23:00:00,0,0,0.0,0.0,0.0,0.0,23,6,1,0.027954381
5,2025-06-23 00:00:00,0,0,0.0,0.0,0.0,0.0,0,0,0,0.19456774
5,2025-06-23 01:00:00,0,0,0.0,0.0,0.0,0.0,1,0,0,0.19456774
5,2025-06-23 02:00:00,0,0,0.0,0.0,0.0,0.0,2,0,0,0.19456774
5,2025-06-23 03:00:00,0,0,0.0,0.0,0.0,0.0,3,0,0,0.19456774
5,2025-06-23 04:00:00,0,0,0.0,0.0,0.0,0.0,4,0,0,0.19456774
5,2025-06-23 05:00:00,0,0,0.0,0.0,0.0,0.0,5,0,0,0.19456774
5,2025-06-23 06:00:00,43,73,240.05,0.0,58.0,0.0,6,0,0,37.77918
5,2025-06-23 07:00:00,45,80,259.45,43.0,44.0,14.333333333333334,7,0,0,37.509377
5,2025-06-23 08:00:00,33,59,157.25,45.0,52.0,29.333333333333332,8,0,0,44.854275
5,2025-06-23 09:00:00,49,85,244.45,33.0,46.0,40.333333333333336,9,0,0,39.778214
5,2025-06-23 10:00:00,59,100,314.93,49.0,47.0,42.333333333333336,10,0,0,45.380642
5,2025-06-23 11:00:00,21,43,123.25,59.0,21.0,47.0,11,0,0,19.049334
5,2025-06-23 12:00:00,17,31,105.9,21.0,23.0,43.0,12,0,0,21.247047
5,2025-06-23 13:00:00,14,28,75.55,17.0,16.0,32.333333333333336,13,0,0,16.064405
5,2025-06-23 14:00:00,22,30,104.2,14.0,22.0,17.333333333333332,14,0,0,16.706244
5,2025-06-23 15:00:00,13,26,80.75,22.0,19.0,17.666666666666668,15,0,0,18.821281
5,2025-06-23 16:00:00,15,30,90.6,13.0,22.0,16.333333333333332,16,0,0,16.182287
5,2025-06-23 17:00:00,15,27,77.65,15.0,23.0,16.666666666666668,17,0,0,16.626293
5,2025-06-23 18:00:00,10,19,59.35,15.0,6.0,14.333333333333334,18,0,0,9.778459
5,2025-06-23 19:00:00,0,0,0.0,10.0,0.0,13.333333333333334,19,0,0,0.80427796
5,2025-06-23 20:00:00,0,0,0.0,0.0,0.0,8.333333333333334,20,0,0,0.115376465
5,2025-06-23 21:00:00,0,0,0.0,0.0,0.0,3.3333333333333335,21,0,0,0.115376465
5,2025-06-23 22:00:00,0,0,0.0,0.0,0.0,0.0,22,0,0,0.115376465
5,2025-06-23 23:00:00,0,0,0.0,0.0,0.0,0.0,23,0,0,0.115376465
5,2025-06-24 00:00:00,0,0,0.0,0.0,0.0,0.0,0,1,0,0.2212112
5,2025-06-24 01:00:00,0,0,0.0,0.0,0.0,0.0,1,1,0,0.2212112
5,2025-06-24 02:00:00,0,0,0.0,0.0,0.0,0.0,2,1,0,0.2212112
5,2025-06-24 03:00:00,0,0,0.0,0.0,0.0,0.0,3,1,0,0.2212112
5,2025-06-24 04:00:00,0,0,0.0,0.0,0.0,0.0,4,1,0,0.2212112
5,2025-06-24 05:00:00,0,0,0.0,0.0,0.0,0.0,5,1,0,0.2212112
5,2025-06-24 06:00:00,45,72,267.55,0.0,43.0,0.0,6,1,0,31.158958
5,2025-06-24 07:00:00,42,72,220.8,45.0,45.0,15.0,7,1,0,41.475777
5,2025-06-24 08:00:00,48,76,262.0,42.0,33.0,29.0,8,1,0,38.00644
5,2025-06-24 09:00:00,41,68,232.95,48.0,49.0,45.0,9,1,0,46.91582
5,2025-06-24 10:00:00,60,107,326.05,41.0,59.0,43.666666666666664,10,1,0,44.85351
5,2025-06-24 11:00:00,21,37,133.4,60.0,21.0,49.666666666666664,11,1,0,18.97592
5,2025-06-24 12:00:00,3,6,17.0,21.0,17.0,40.666666666666664,12,1,0,16.029587
5,2025-06-24 13:00:00,19,32,97.25,3.0,14.0,28.0,13,1,0,12.124093
5,2025-06-24 14:00:00,31,50,158.05,19.0,22.0,14.333333333333334,14,1,0,16.631502
5,2025-06-24 15:00:00,25,49,130.05,31.0,13.0,17.666666666666668,15,1,0,20.029932
5,2025-06-24 16:00:00,21,38,110.05,25.0,15.0,25.0,16,1,0,21.214573
5,2025-06-24 17:00:00,13,26,75.7,21.0,15.0,25.666666666666668,17,1,0,18.462442
5,2025-06-24 18:00:00,14,24,66.9,13.0,10.0,19.666666666666668,18,1,0,9.405295
5,2025-06-24 19:00:00,0,0,0.0,14.0,0.0,16.0,19,1,0,1.0625546
5,2025-06-24 20:00:00,0,0,0.0,0.0,0.0,9.0,20,1,0,0.19799545
5,2025-06-24 21:00:00,0,0,0.0,0.0,0.0,4.666666666666667,21,1,0,0.14201993
5,2025-06-24 22:00:00,0,0,0.0,0.0,0.0,0.0,22,1,0,0.14201993
5,2025-06-24 23:00:00,0,0,0.0,0.0,0.0,0.0,23,1,0,0.14201993
5,2025-06-25 00:00:00,0,0,0.0,0.0,0.0,0.0,0,2,0,0.2212112
5,2025-06-25 01:00:00,0,0,0.0,0.0,0.0,0.0,1,2,0,0.2212112
5,2025-06-25 02:00:00,0,0,0.0,0.0,0.0,0.0,2,2,0,0.2212112
5,2025-06-25 03:00:00,0,0,0.0,0.0,0.0,0.0,3,2,0,0.2212112
5,2025-06-25 04:00:00,0,0,0.0,0.0,0.0,0.0,4,2,0,0.2212112
5,2025-06-25 05:00:00,0,0,0.0,0.0,0.0,0.0,5,2,0,0.2212112
5,2025-06-25 06:00:00,45,78,247.35,0.0,45.0,0.0,6,2,0,28.534822
5,2025-06-25 07:00:00,55,91,291.3,45.0,42.0,15.0,7,2,0,41.830135
5,2025-06-25 08:00:00,57,105,368.75,55.0,48.0,33.333333333333336,8,2,0,48.140934
5,2025-06-25 09:00:00,52,88,283.0,57.0,41.0,52.333333333333336,9,2,0,51.935333
5,2025-06-25 10:00:00,45,77,243.3,52.0,60.0,54.666666666666664,10,2,0,50.15955
5,2025-06-25 11:00:00,11,23,63.4,45.0,21.0,51.333333333333336,11,2,0,18.586393
5,2025-06-25 12:00:00,14,19,71.2,11.0,3.0,36.0,12,2,0,9.867291
5,2025-06-25 13:00:00,29,40,122.25,14.0,19.0,23.333333333333332,13,2,0,17.118752
5,2025-06-25 14:00:00,14,34,90.0,29.0,31.0,18.0,14,2,0,23.095356
5,2025-06-25 15:00:00,24,48,144.4,14.0,25.0,19.0,15,2,0,16.983114
5,2025-06-25 16:00:00,33,61,190.95,24.0,21.0,22.333333333333332,16,2,0,22.320232
5,2025-06-25 17:00:00,15,26,77.55,33.0,13.0,23.666666666666668,17,2,0,20.960562
5,2025-06-25 18:00:00,8,17,51.5,15.0,14.0,24.0,18,2,0,14.630014
5,2025-06-25 19:00:00,0,0,0.0,8.0,0.0,18.666666666666668,19,2,0,0.76294094
5,2025-06-25 20:00:00,0,0,0.0,0.0,0.0,7.666666666666667,20,2,0,0.14201993
5,2025-06-25 21:00:00,0,0,0.0,0.0,0.0,2.6666666666666665,21,2,0,0.14201993
5,2025-06-25 22:00:00,0,0,0.0,0.0,0.0,0.0,22,2,0,0.14201993
5,2025-06-25 23:00:00,0,0,0.0,0.0,0.0,0.0,23,2,0,0.14201993
5,2025-06-26 00:00:00,0,0,0.0,0.0,0.0,0.0,0,3,0,0.2212112
5,2025-06-26 01:00:00,0,0,0.0,0.0,0.0,0.0,1,3,0,0.2212112
5,2025-06-26 02:00:00,0,0,0.0,0.0,0.0,0.0,2,3,0,0.2212112
5,2025-06-26 03:00:00,0,0,0.0,0.0,0.0,0.0,3,3,0,0.2212112
5,2025-06-26 04:00:00,0,0,0.0,0.0,0.0,0.0,4,3,0,0.2212112
5,2025-06-26 05:00:00,0,0,0.0,0.0,0.0,0.0,5,3,0,0.2212112
5,2025-06-26 06:00:00,50,92,313.3,0.0,45.0,0.0,6,3,0,27.65809
5,2025-06-26 07:00:00,46,87,256.65,50.0,55.0,16.666666666666668,7,3,0,46.501373
5,2025-06-26 08:00:00,51,91,262.3,46.0,57.0,32.0,8,3,0,45.593174
5,2025-06-26 09:00:00,54,93,309.85,51.0,52.0,49.0,9,3,0,47.561646
5,2025-06-26 10:00:00,38,68,191.8,54.0,45.0,50.333333333333336,10,3,0,49.751385
5,2025-06-26 11:00:00,18,33,110.7,38.0,11.0,47.666666666666664,11,3,0,12.682631
5,2025-06-26 12:00:00,18,33,85.6,18.0,14.0,36.666666666666664,12,3,0,13.649134
5,2025-06-26 13:00:00,17,34,138.35,18.0,29.0,24.666666666666668,13,3,0,20.072206
5,2025-06-26 14:00:00,20,34,118.3,17.0,14.0,17.666666666666668,14,3,0,15.5606
5,2025-06-26 15:00:00,20,34,126.95,20.0,24.0,18.333333333333332,15,3,0,18.514235
5,2025-06-26 16:00:00,13,24,72.45,20.0,33.0,19.0,16,3,0,20.526186
5,2025-06-26 17:00:00,20,36,126.8,13.0,15.0,17.666666666666668,17,3,0,14.705146
5,2025-06-26 18:00:00,11,15,41.65,20.0,8.0,17.666666666666668,18,3,0,12.9305725
5,2025-06-26 19:00:00,0,0,0.0,11.0,0.0,14.666666666666666,19,3,0,0.75083756
5,2025-06-26 20:00:00,0,0,0.0,0.0,0.0,10.333333333333334,20,3,0,0.19799545
5,2025-06-26 21:00:00,0,0,0.0,0.0,0.0,3.6666666666666665,21,3,0,0.14201993
5,2025-06-26 22:00:00,0,0,0.0,0.0,0.0,0.0,22,3,0,0.14201993
5,2025-06-26 23:00:00,0,0,0.0,0.0,0.0,0.0,23,3,0,0.14201993
5,2025-06-27 00:00:00,0,0,0.0,0.0,0.0,0.0,0,4,0,0.19543517
5,2025-06-27 01:00:00,0,0,0.0,0.0,0.0,0.0,1,4,0,0.19543517
5,2025-06-27 02:00:00,0,0,0.0,0.0,0.0,0.0,2,4,0,0.19543517
5,2025-06-27 03:00:00,0,0,0.0,0.0,0.0,0.0,3,4,0,0.19543517
5,2025-06-27 04:00:00,0,0,0.0,0.0,0.0,0.0,4,4,0,0.19543517
5,2025-06-27 05:00:00,0,0,0.0,0.0,0.0,0.0,5,4,0,0.19543517
5,2025-06-27 06:00:00,0,0,0.0,0.0,50.0,0.0,6,4,0,29.869026
5,2025-06-27 07:00:00,62,102,369.0,0.0,46.0,0.0,7,4,0,38.05582
5,2025-06-27 08:00:00,61,114,327.6,62.0,51.0,20.666666666666668,8,4,0,51.74599
5,2025-06-27 09:00:00,73,130,387.05,61.0,54.0,41.0,9,4,0,56.27034
5,2025-06-27 10:00:00,77,138,413.8,73.0,38.0,65.33333333333333,10,4,0,64.29988
5,2025-06-27 11:00:00,19,33,112.05,77.0,18.0,70.33333333333333,11,4,0,14.41947
5,2025-06-27 12:00:00,17,29,119.2,19.0,18.0,56.333333333333336,12,4,0,17.131872
5,2025-06-27 13:00:00,18,24,67.7,17.0,17.0,37.666666666666664,13,4,0,15.997489
5,2025-06-27 14:00:00,15,28,72.05,18.0,20.0,18.0,14,4,0,17.02985
5,2025-06-27 15:00:00,36,64,230.5,15.0,20.0,16.666666666666668,15,4,0,16.808558
5,2025-06-27 16:00:00,25,48,156.15,36.0,13.0,23.0,16,4,0,22.421701
5,2025-06-27 17:00:00,33,50,154.0,25.0,20.0,25.333333333333332,17,4,0,21.9099
5,2025-06-27 18:00:00,6,10,28.3,33.0,11.0,31.333333333333332,18,4,0,19.18446
5,2025-06-27 19:00:00,0,0,0.0,6.0,0.0,21.333333333333332,19,4,0,0.8387935
5,2025-06-27 20:00:00,0,0,0.0,0.0,0.0,13.0,20,4,0,0.1582765
5,2025-06-27 21:00:00,0,0,0.0,0.0,0.0,2.0,21,4,0,0.11624386
5,2025-06-27 22:00:00,0,0,0.0,0.0,0.0,0.0,22,4,0,0.11624386
5,2025-06-27 23:00:00,0,0,0.0,0.0,0.0,0.0,23,4,0,0.11624386
5,2025-06-28 00:00:00,0,0,0.0,0.0,0.0,0.0,0,5,1,0.24253276
5,2025-06-28 01:00:00,0,0,0.0,0.0,0.0,0.0,1,5,1,0.24253276
5,2025-06-28 02:00:00,0,0,0.0,0.0,0.0,0.0,2,5,1,0.24253276
5,2025-06-28 03:00:00,0,0,0.0,0.0,0.0,0.0,3,5,1,0.24253276
5,2025-06-28 04:00:00,0,0,0.0,0.0,0.0,0.0,4,5,1,0.24253276
5,2025-06-28 05:00:00,0,0,0.0,0.0,0.0,0.0,5,5,1,0.24253276
5,2025-06-28 06:00:00,0,0,0.0,0.0,0.0,0.0,6,5,1,2.8858957
5,2025-06-28 07:00:00,31,47,144.45,0.0,62.0,0.0,7,5,1,40.18995
5,2025-06-28 08:00:00,27,42,131.2,31.0,61.0,10.333333333333334,8,5,1,47.194286
5,2025-06-28 09:00:00,30,39,119.0,27.0,73.0,19.333333333333332,9,5,1,34.105206
5,2025-06-28 10:00:00,33,43,133.45,30.0,77.0,29.333333333333332,10,5,1,35.710503
5,2025-06-28 11:00:00,31,46,146.15,33.0,19.0,30.0,11,5,1,18.495438
5,2025-06-28 12:00:00,25,35,104.6,31.0,17.0,31.333333333333332,12,5,1,20.329094
5,2025-06-28 13:00:00,32,51,161.6,25.0,18.0,29.666666666666668,13,5,1,22.391685
5,2025-06-28 14:00:00,31,46,139.1,32.0,15.0,29.333333333333332,14,5,1,22.763817
5,2025-06-28 15:00:00,38,52,160.3,31.0,36.0,29.333333333333332,15,5,1,30.88791
5,2025-06-28 16:00:00,28,41,129.55,38.0,25.0,33.666666666666664,16,5,1,26.719965
5,2025-06-28 17:00:00,25,36,110.3,28.0,33.0,32.333333333333336,17,5,1,26.684095
5,2025-06-28 18:00:00,12,14,45.25,25.0,6.0,30.333333333333332,18,5,1,17.339417
5,2025-06-28 19:00:00,0,0,0.0,12.0,0.0,21.666666666666668,19,5,1,0.9354091
5,2025-06-28 20:00:00,0,0,0.0,0.0,0.0,12.333333333333334,20,5,1,0.17429672
5,2025-06-28 21:00:00,0,0,0.0,0.0,0.0,4.0,21,5,1,0.13226412
5,2025-06-28 22:00:00,0,0,0.0,0.0,0.0,0.0,22,5,1,0.13226412
5,2025-06-28 23:00:00,0,0,0.0,0.0,0.0,0.0,23,5,1,0.13226412
5,2025-06-29 00:00:00,0,0,0.0,0.0,0.0,0.0,0,6,1,0.17229861
5,2025-06-29 01:00:00,0,0,0.0,0.0,0.0,0.0,1,6,1,0.17229861
5,2025-06-29 02:00:00,0,0,0.0,0.0,0.0,0.0,2,6,1,0.17229861
5,2025-06-29 03:00:00,0,0,0.0,0.0,0.0,0.0,3,6,1,0.17229861
5,2025-06-29 04:00:00,0,0,0.0,0.0,0.0,0.0,4,6,1,0.17229861
5,2025-06-29 05:00:00,0,0,0.0,0.0,0.0,0.0,5,6,1,0.17229861
5,2025-06-29 06:00:00,0,0,0.0,0.0,0.0,0.0,6,6,1,2.7414212
5,2025-06-29 07:00:00,15,22,66.0,0.0,31.0,0.0,7,6,1,25.353407
5,2025-06-29 08:00:00,26,39,115.1,15.0,27.0,5.0,8,6,1,24.427368
5,2025-06-29 09:00:00,24,32,98.25,26.0,30.0,13.666666666666666,9,6,1,25.343998
5,2025-06-29 10:00:00,25,30,94.45,24.0,33.0,21.666666666666668,10,6,1,24.725206
5,2025-06-29 11:00:00,21,30,88.3,25.0,31.0,25.0,11,6,1,23.120003
5,2025-06-29 12:00:00,24,39,121.15,21.0,25.0,23.333333333333332,12,6,1,20.074224
5,2025-06-29 13:00:00,39,54,165.1,24.0,32.0,23.333333333333332,13,6,1,23.397089
5,2025-06-29 14:00:00,29,39,112.45,39.0,31.0,28.0,14,6,1,26.941547
5,2025-06-29 15:00:00,25,34,102.65,29.0,38.0,30.666666666666668,15,6,1,32.72211
5,2025-06-29 16:00:00,37,51,165.05,25.0,28.0,31.0,16,6,1,25.65091
5,2025-06-29 17:00:00,31,42,132.55,37.0,25.0,30.333333333333332,17,6,1,26.285809
5,2025-06-29 18:00:00,9,12,38.4,31.0,12.0,31.0,18,6,1,18.349604
5,2025-06-29 19:00:00,0,0,0.0,9.0,0.0,25.666666666666668,19,6,1,1.6194589
5,2025-06-29 20:00:00,0,0,0.0,0.0,0.0,13.333333333333334,20,6,1,0.009522988
5,2025-06-29 21:00:00,0,0,0.0,0.0,0.0,3.0,21,6,1,0.027954381
5,2025-06-29 22:00:00,0,0,0.0,0.0,0.0,0.0,22,6,1,0.027954381
5,2025-06-29 23:00:00,0,0,0.0,0.0,0.0,0.0,23,6,1,0.027954381
5,2025-06-30 00:00:00,0,0,0.0,0.0,0.0,0.0,0,0,0,0.19456774
5,2025-06-30 01:00:00,0,0,0.0,0.0,0.0,0.0,1,0,0,0.19456774
5,2025-06-30 02:00:00,0,0,0.0,0.0,0.0,0.0,2,0,0,0.19456774
5,2025-06-30 03:00:00,0,0,0.0,0.0,0.0,0.0,3,0,0,0.19456774
5,2025-06-30 04:00:00,0,0,0.0,0.0,0.0,0.0,4,0,0,0.19456774
5,2025-06-30 05:00:00,0,0,0.0,0.0,0.0,0.0,5,0,0,0.19456774
5,2025-06-30 06:00:00,22,38,99.6,0.0,0.0,0.0,6,0,0,2.8379307
5,2025-06-30 07:00:00,51,82,257.36,22.0,15.0,7.333333333333333,7,0,0,22.105276
5,2025-06-30 08:00:00,49,78,229.3,51.0,26.0,24.333333333333332,8,0,0,41.66068
5,2025-06-30 09:00:00,56,85,326.6,49.0,24.0,40.666666666666664,9,0,0,41.586903
5,2025-06-30 10:00:00,57,85,310.1,56.0,25.0,52.0,10,0,0,49.592266
5,2025-06-30 11:00:00,15,22,70.65,57.0,21.0,54.0,11,0,0,17.922121
5,2025-06-30 12:00:00,5,7,19.7,15.0,24.0,42.666666666666664,12,0,0,15.464362
5,2025-06-30 13:00:00,18,23,115.88,5.0,39.0,25.666666666666668,13,0,0,25.002594
5,2025-06-30 14:00:00,15,26,72.55,18.0,29.0,12.666666666666666,14,0,0,16.811
5,2025-06-30 15:00:00,18,25,91.05,15.0,25.0,12.666666666666666,15,0,0,15.121664
5,2025-06-30 16:00:00,16,24,62.5,18.0,37.0,17.0,16,0,0,23.30603
5,2025-06-30 17:00:00,10,18,51.2,16.0,31.0,16.333333333333332,17,0,0,16.158173
5,2025-06-30 18:00:00,14,18,50.25,10.0,9.0,14.666666666666666,18,0,0,8.322801
5,2025-06-30 19:00:00,1,2,7.0,14.0,0.0,13.333333333333334,19,0,0,0.6933779
5,2025-06-30 20:00:00,1,2,5.0,1.0,0.0,8.333333333333334,20,0,0,0.19411823
8,2025-06-01 00:00:00,0,0,0.0,0.0,0.0,0.0,0,6,1,0.124147974
8,2025-06-01 01:00:00,0,0,0.0,0.0,0.0,0.0,1,6,1,0.124147974
8,2025-06-01 02:00:00,0,0,0.0,0.0,0.0,0.0,2,6,1,0.124147974
8,2025-06-01 03:00:00,0,0,0.0,0.0,0.0,0.0,3,6,1,0.124147974
8,2025-06-01 04:00:00,0,0,0.0,0.0,0.0,0.0,4,6,1,0.124147974
8,2025-06-01 05:00:00,0,0,0.0,0.0,0.0,0.0,5,6,1,0.124147974
8,2025-06-01 06:00:00,0,0,0.0,0.0,9.0,0.0,6,6,1,11.689851
8,2025-06-01 07:00:00,0,0,0.0,0.0,24.0,0.0,7,6,1,22.516327
8,2025-06-01 08:00:00,26,36,113.15,0.0,36.0,0.0,8,6,1,29.262363
8,2025-06-01 09:00:00,27,40,126.25,26.0,45.0,8.666666666666666,9,6,1,30.687632
8,2025-06-01 10:00:00,24,37,118.0,27.0,64.0,17.666666666666668,10,6,1,31.040537
8,2025-06-01 11:00:00,40,65,206.15,24.0,15.0,25.666666666666668,11,6,1,14.842242
8,2025-06-01 12:00:00,38,54,170.0,40.0,9.0,30.333333333333332,12,6,1,13.582179
8,2025-06-01 13:00:00,39,60,186.6,38.0,14.0,34.0,13,6,1,20.059118
8,2025-06-01 14:00:00,32,46,141.2,39.0,11.0,39.0,14,6,1,21.946371
8,2025-06-01 15:00:00,27,39,124.2,32.0,15.0,36.333333333333336,15,6,1,25.994558
8,2025-06-01 16:00:00,27,39,117.75,27.0,15.0,32.666666666666664,16,6,1,21.139954
8,2025-06-01 17:00:00,42,58,180.9,27.0,15.0,28.666666666666668,17,6,1,20.47009
8,2025-06-01 18:00:00,39,65,200.4,42.0,7.0,32.0,18,6,1,18.530993
8,2025-06-01 19:00:00,31,43,144.6,39.0,13.0,36.0,19,6,1,22.606642
8,2025-06-01 20:00:00,0,0,0.0,31.0,3.0,37.333333333333336,20,6,1,13.499482
8,2025-06-01 21:00:00,0,0,0.0,0.0,0.0,23.333333333333332,21,6,1,0.21065475
8,2025-06-01 22:00:00,0,0,0.0,0.0,0.0,10.333333333333334,22,6,1,0.041406278
8,2025-06-01 23:00:00,0,0,0.0,0.0,0.0,0.0,23,6,1,0.045894746
8,2025-06-02 00:00:00,0,0,0.0,0.0,0.0,0.0,0,0,0,0.14641705
8,2025-06-02 01:00:00,0,0,0.0,0.0,0.0,0.0,1,0,0,0.14641705
8,2025-06-02 02:00:00,0,0,0.0,0.0,0.0,0.0,2,0,0,0.14641705
8,2025-06-02 03:00:00,0,0,0.0,0.0,0.0,0.0,3,0,0,0.14641705
8,2025-06-02 04:00:00,0,0,0.0,0.0,0.0,0.0,4,0,0,0.14641705
8,2025-06-02 05:00:00,0,0,0.0,0.0,0.0,0.0,5,0,0,0.14641705
8,2025-06-02 06:00:00,0,0,0.0,0.0,0.0,0.0,6,0,0,2.7897801
8,2025-06-02 07:00:00,0,0,0.0,0.0,0.0,0.0,7,0,0,3.2101402
8,2025-06-02 08:00:00,30,43,123.7,0.0,26.0,0.0,8,0,0,25.186274
8,2025-06-02 09:00:00,27,39,114.15,30.0,27.0,10.0,9,0,0,29.284084
8,2025-06-02 10:00:00,25,38,121.1,27.0,24.0,19.0,10,0,0,25.328033
8,2025-06-02 11:00:00,33,48,152.3,25.0,40.0,27.333333333333332,11,0,0,27.274157
8,2025-06-02 12:00:00,25,33,99.3,33.0,38.0,28.333333333333332,12,0,0,29.429403
8,2025-06-02 13:00:00,38,56,175.1,25.0,39.0,27.666666666666668,13,0,0,29.783272
8,2025-06-02 14:00:00,37,55,176.05,38.0,32.0,32.0,14,0,0,26.56085
8,2025-06-02 15:00:00,26,42,116.85,37.0,27.0,33.333333333333336,15,0,0,27.126257
8,2025-06-02 16:00:00,30,44,132.45,26.0,27.0,33.666666666666664,16,0,0,26.57293
8,2025-06-02 17:00:00,43,62,187.25,30.0,42.0,31.0,17,0,0,32.21106
8,2025-06-02 18:00:00,34,48,150.35,43.0,39.0,33.0,18,0,0,35.985775
8,2025-06-02 19:00:00,33,47,153.0,34.0,31.0,35.666666666666664,19,0,0,32.971012
8,2025-06-02 20:00:00,0,0,0.0,33.0,0.0,36.666666666666664,20,0,0,2.9589405
8,2025-06-02 21:00:00,0,0,0.0,0.0,0.0,22.333333333333332,21,0,0,0.17592071
8,2025-06-02 22:00:00,0,0,0.0,0.0,0.0,11.0,22,0,0,0.18929231
8,2025-06-02 23:00:00,0,0,0.0,0.0,0.0,0.0,23,0,0,0.13331681
8,2025-06-03 00:00:00,0,0,0.0,0.0,0.0,0.0,0,1,0,0.1730605
8,2025-06-03 01:00:00,0,0,0.0,0.0,0.0,0.0,1,1,0,0.1730605
8,2025-06-03 02:00:00,0,0,0.0,0.0,0.0,0.0,2,1,0,0.1730605
8,2025-06-03 03:00:00,0,0,0.0,0.0,0.0,0.0,3,1,0,0.1730605
8,2025-06-03 04:00:00,0,0,0.0,0.0,0.0,0.0,4,1,0,0.1730605
8,2025-06-03 05:00:00,0,0,0.0,0.0,0.0,0.0,5,1,0,0.1730605
8,2025-06-03 06:00:00,0,0,0.0,0.0,0.0,0.0,6,1,0,2.816424
8,2025-06-03 07:00:00,0,0,0.0,0.0,0.0,0.0,7,1,0,3.236784
8,2025-06-03 08:00:00,29,42,132.75,0.0,30.0,0.0,8,1,0,26.22526
8,2025-06-03 09:00:00,24,35,107.3,29.0,27.0,9.666666666666666,9,1,0,26.83205
8,2025-06-03 10:00:00,27,36,106.5,24.0,25.0,17.666666666666668,10,1,0,22.779863
8,2025-06-03 11:00:00,29,43,135.8,27.0,33.0,26.666666666666668,11,1,0,23.997282
8,2025-06-03 12:00:00,34,51,161.65,29.0,25.0,26.666666666666668,12,1,0,24.333084
8,2025-06-03 13:00:00,15,18,58.45,34.0,38.0,30.0,13,1,0,32.432335
8,2025-06-03 14:00:00,31,46,136.6,15.0,37.0,26.0,14,1,0,23.610298
8,2025-06-03 15:00:00,33,45,145.95,31.0,26.0,26.666666666666668,15,1,0,26.604042
8,2025-06-03 16:00:00,33,47,146.5,33.0,30.0,26.333333333333332,16,1,0,26.959007
8,2025-06-03 17:00:00,34,52,158.85,33.0,43.0,32.333333333333336,17,1,0,31.949627
8,2025-06-03 18:00:00,43,64,190.05,34.0,34.0,33.333333333333336,18,1,0,30.962257
8,2025-06-03 19:00:00,28,43,132.4,43.0,33.0,36.666666666666664,19,1,0,34.038742
8,2025-06-03 20:00:00,0,0,0.0,28.0,0.0,35.0,20,1,0,0.8963296
8,2025-06-03 21:00:00,0,0,0.0,0.0,0.0,23.666666666666668,21,1,0,0.3851843
8,2025-06-03 22:00:00,0,0,0.0,0.0,0.0,9.333333333333334,22,1,0,0.2159358
8,2025-06-03 23:00:00,0,0,0.0,0.0,0.0,0.0,23,1,0,0.15996027
8,2025-06-04 00:00:00,0,0,0.0,0.0,0.0,0.0,0,2,0,0.1730605
8,2025-06-04 01:00:00,0,0,0.0,0.0,0.0,0.0,1,2,0,0.1730605
8,2025-06-04 02:00:00,0,0,0.0,0.0,0.0,0.0,2,2,0,0.1730605
8,2025-06-04 03:00:00,0,0,0.0,0.0,0.0,0.0,3,2,0,0.1730605
8,2025-06-04 04:00:00,0,0,0.0,0.0,0.0,0.0,4,2,0,0.1730605
8,2025-06-04 05:00:00,0,0,0.0,0.0,0.0,0.0,5,2,0,0.1730605
8,2025-06-04 06:00:00,0,0,0.0,0.0,0.0,0.0,6,2,0,2.816424
8,2025-06-04 07:00:00,0,0,0.0,0.0,0.0,0.0,7,2,0,3.236784
8,2025-06-04 08:00:00,27,37,116.45,0.0,29.0,0.0,8,2,0,26.22526
8,2025-06-04 09:00:00,37,56,169.95,27.0,24.0,9.0,9,2,0,25.206295
8,2025-06-04 10:00:00,26,40,125.9,37.0,27.0,21.333333333333332,10,2,0,35.982197
8,2025-06-04 11:00:00,37,57,174.25,26.0,29.0,30.0,11,2,0,23.68546
8,2025-06-04 12:00:00,24,35,104.9,37.0,34.0,33.333333333333336,12,2,0,28.624868
8,2025-06-04 13:00:00,23,36,113.8,24.0,15.0,29.0,13,2,0,17.812391
8,2025-06-04 14:00:00,40,55,161.0,23.0,31.0,28.0,14,2,0,25.175045
8,2025-06-04 15:00:00,29,45,135.35,40.0,33.0,29.0,15,2,0,27.490105
8,2025-06-04 16:00:00,33,44,137.35,29.0,33.0,30.666666666666668,16,2,0,27.06263
8,2025-06-04 17:00:00,26,37,114.65,33.0,34.0,34.0,17,2,0,31.183617
8,2025-06-04 18:00:00,32,45,135.55,26.0,43.0,29.333333333333332,18,2,0,29.576681
8,2025-06-04 19:00:00,29,42,139.75,32.0,28.0,30.333333333333332,19,2,0,26.44786
8,2025-06-04 20:00:00,0,0,0.0,29.0,0.0,29.0,20,2,0,2.0050392
8,2025-06-04 21:00:00,0,0,0.0,0.0,0.0,20.333333333333332,21,2,0,0.11200206
8,2025-06-04 22:00:00,0,0,0.0,0.0,0.0,9.666666666666666,22,2,0,0.2159358
8,2025-06-04 23:00:00,0,0,0.0,0.0,0.0,0.0,23,2,0,0.15996027
8,2025-06-05 00:00:00,0,0,0.0,0.0,0.0,0.0,0,3,0,0.1730605
8,2025-06-05 01:00:00,0,0,0.0,0.0,0.0,0.0,1,3,0,0.1730605
8,2025-06-05 02:00:00,0,0,0.0,0.0,0.0,0.0,2,3,0,0.1730605
8,2025-06-05 03:00:00,0,0,0.0,0.0,0.0,0.0,3,3,0,0.1730605
8,2025-06-05 04:00:00,0,0,0.0,0.0,0.0,0.0,4,3,0,0.1730605
8,2025-06-05 05:00:00,0,0,0.0,0.0,0.0,0.0,5,3,0,0.1730605
8,2025-06-05 06:00:00,0,0,0.0,0.0,0.0,0.0,6,3,0,2.816424
8,2025-06-05 07:00:00,0,0,0.0,0.0,0.0,0.0,7,3,0,3.236784
8,2025-06-05 08:00:00,27,39,115.9,0.0,27.0,0.0,8,3,0,25.186274
8,2025-06-05 09:00:00,39,56,169.8,27.0,37.0,9.0,9,3,0,29.152117
8,2025-06-05 10:00:00,25,35,116.75,39.0,26.0,22.0,10,3,0,33.851345
8,2025-06-05 11:00:00,29,33,115.35,25.0,37.0,30.333333333333332,11,3,0,26.989546
8,2025-06-05 12:00:00,27,42,127.6,29.0,24.0,31.0,12,3,0,24.317963
8,2025-06-05 13:00:00,36,53,168.45,27.0,23.0,27.0,13,3,0,24.85452
8,2025-06-05 14:00:00,32,50,151.95,36.0,40.0,30.666666666666668,14,3,0,32.829487
8,2025-06-05 15:00:00,24,38,106.15,32.0,29.0,31.666666666666668,15,3,0,26.956856
8,2025-06-05 16:00:00,33,45,138.85,24.0,33.0,30.666666666666668,16,3,0,26.544783
8,2025-06-05 17:00:00,25,34,106.25,33.0,26.0,29.666666666666668,17,3,0,26.556446
8,2025-06-05 18:00:00,21,29,86.7,25.0,32.0,27.333333333333332,18,3,0,25.654558
8,2025-06-05 19:00:00,28,41,127.95,21.0,29.0,26.333333333333332,19,3,0,24.835665
8,2025-06-05 20:00:00,0,0,0.0,28.0,0.0,24.666666666666668,20,3,0,1.8935559
8,2025-06-05 21:00:00,0,0,0.0,0.0,0.0,16.333333333333332,21,3,0,0.14643496
8,2025-06-05 22:00:00,0,0,0.0,0.0,0.0,9.333333333333334,22,3,0,0.2159358
8,2025-06-05 23:00:00,0,0,0.0,0.0,0.0,0.0,23,3,0,0.15996027
8,2025-06-06 00:00:00,0,0,0.0,0.0,0.0,0.0,0,4,0,0.14728445
8,2025-06-06 01:00:00,0,0,0.0,0.0,0.0,0.0,1,4,0,0.14728445
8,2025-06-06 02:00:00,0,0,0.0,0.0,0.0,0.0,2,4,0,0.14728445
8,2025-06-06 03:00:00,0,0,0.0,0.0,0.0,0.0,3,4,0,0.14728445
8,2025-06-06 04:00:00,0,0,0.0,0.0,0.0,0.0,4,4,0,0.14728445
8,2025-06-06 05:00:00,0,0,0.0,0.0,0.0,0.0,5,4,0,0.14728445
8,2025-06-06 06:00:00,0,0,0.0,0.0,0.0,0.0,6,4,0,2.7906475
8,2025-06-06 07:00:00,0,0,0.0,0.0,0.0,0.0,7,4,0,3.2110076
8,2025-06-06 08:00:00,30,43,128.45,0.0,27.0,0.0,8,4,0,25.186274
8,2025-06-06 09:00:00,28,41,121.75,30.0,39.0,10.0,9,4,0,35.656975
8,2025-06-06 10:00:00,25,39,118.75,28.0,25.0,19.333333333333332,10,4,0,26.607405
8,2025-06-06 11:00:00,27,36,115.55,25.0,29.0,27.666666666666668,11,4,0,24.268614
8,2025-06-06 12:00:00,24,40,119.05,27.0,27.0,26.666666666666668,12,4,0,24.891249
8,2025-06-06 13:00:00,39,59,176.15,24.0,36.0,25.333333333333332,13,4,0,26.338688
8,2025-06-06 14:00:00,31,44,129.3,39.0,32.0,30.0,14,4,0,26.56085
8,2025-06-06 15:00:00,32,46,144.55,31.0,24.0,31.333333333333332,15,4,0,27.145266
8,2025-06-06 16:00:00,40,56,162.8,32.0,33.0,34.0,16,4,0,29.568874
8,2025-06-06 17:00:00,30,43,126.2,40.0,25.0,34.333333333333336,17,4,0,27.208513
8,2025-06-06 18:00:00,28,44,131.75,30.0,21.0,34.0,18,4,0,26.121376
8,2025-06-06 19:00:00,28,42,137.1,28.0,28.0,32.666666666666664,19,4,0,25.606888
8,2025-06-06 20:00:00,0,0,0.0,28.0,0.0,28.666666666666668,20,4,0,1.8830119
8,2025-06-06 21:00:00,0,0,0.0,0.0,0.0,18.666666666666668,21,4,0,0.12065895
8,2025-06-06 22:00:00,0,0,0.0,0.0,0.0,9.333333333333334,22,4,0,0.19015977
8,2025-06-06 23:00:00,0,0,0.0,0.0,0.0,0.0,23,4,0,0.13418421
8,2025-06-07 00:00:00,0,0,0.0,0.0,0.0,0.0,0,5,1,0.19438204
8,2025-06-07 01:00:00,0,0,0.0,0.0,0.0,0.0,1,5,1,0.19438204
8,2025-06-07 02:00:00,0,0,0.0,0.0,0.0,0.0,2,5,1,0.19438204
8,2025-06-07 03:00:00,0,0,0.0,0.0,0.0,0.0,3,5,1,0.19438204
8,2025-06-07 04:00:00,0,0,0.0,0.0,0.0,0.0,4,5,1,0.19438204
8,2025-06-07 05:00:00,0,0,0.0,0.0,0.0,0.0,5,5,1,0.19438204
8,2025-06-07 06:00:00,0,0,0.0,0.0,0.0,0.0,6,5,1,2.8377452
8,2025-06-07 07:00:00,0,0,0.0,0.0,0.0,0.0,7,5,1,3.2581053
8,2025-06-07 08:00:00,80,113,334.85,0.0,30.0,0.0,8,5,1,26.408863
8,2025-06-07 09:00:00,68,95,323.95,80.0,28.0,26.666666666666668,9,5,1,49.53201
8,2025-06-07 10:00:00,88,128,419.7,68.0,25.0,49.333333333333336,10,5,1,53.723927
8,2025-06-07 11:00:00,30,44,135.6,88.0,27.0,78.66666666666667,11,5,1,12.185274
8,2025-06-07 12:00:00,24,37,121.4,30.0,24.0,62.0,12,5,1,23.00289
8,2025-06-07 13:00:00,18,26,73.45,24.0,39.0,47.333333333333336,13,5,1,33.746613
8,2025-06-07 14:00:00,19,27,84.05,18.0,31.0,24.0,14,5,1,20.339771
8,2025-06-07 15:00:00,22,34,111.0,19.0,32.0,20.333333333333332,15,5,1,19.567373
8,2025-06-07 16:00:00,16,23,66.25,22.0,40.0,19.666666666666668,16,5,1,26.478342
8,2025-06-07 17:00:00,23,32,97.4,16.0,30.0,19.0,17,5,1,18.17752
8,2025-06-07 18:00:00,23,33,93.75,23.0,28.0,20.333333333333332,18,5,1,21.513882
8,2025-06-07 19:00:00,19,26,79.2,23.0,28.0,20.666666666666668,19,5,1,21.513882
8,2025-06-07 20:00:00,23,34,104.9,19.0,0.0,21.666666666666668,20,5,1,1.6753876
8,2025-06-07 21:00:00,0,0,0.0,23.0,0.0,21.666666666666668,21,5,1,1.5793178
8,2025-06-07 22:00:00,0,0,0.0,0.0,0.0,14.0,22,5,1,0.13667916
8,2025-06-07 23:00:00,0,0,0.0,0.0,0.0,7.666666666666667,23,5,1,0.15020446
8,2025-06-08 00:00:00,0,0,0.0,0.0,0.0,0.0,0,6,1,0.124147974
8,2025-06-08 01:00:00,0,0,0.0,0.0,0.0,0.0,1,6,1,0.124147974
8,2025-06-08 02:00:00,0,0,0.0,0.0,0.0,0.0,2,6,1,0.124147974
8,2025-06-08 03:00:00,0,0,0.0,0.0,0.0,0.0,3,6,1,0.124147974
8,2025-06-08 04:00:00,0,0,0.0,0.0,0.0,0.0,4,6,1,0.124147974
8,2025-06-08 05:00:00,0,0,0.0,0.0,0.0,0.0,5,6,1,0.124147974
8,2025-06-08 06:00:00,24,38,102.5,0.0,0.0,0.0,6,6,1,2.6932702
8,2025-06-08 07:00:00,59,85,280.85,24.0,0.0,8.0,7,6,1,22.590744
8,2025-06-08 08:00:00,42,55,172.3,59.0,80.0,27.666666666666668,8,6,1,48.58399
8,2025-06-08 09:00:00,51,71,291.23,42.0,68.0,41.666666666666664,9,6,1,46.484707
8,2025-06-08 10:00:00,57,77,245.4,51.0,88.0,50.666666666666664,10,6,1,48.682457
8,2025-06-08 11:00:00,49,67,199.85,57.0,30.0,50.0,11,6,1,25.96341
8,2025-06-08 12:00:00,17,22,68.3,49.0,24.0,52.333333333333336,12,6,1,23.500004
8,2025-06-08 13:00:00,17,23,74.65,17.0,18.0,41.0,13,6,1,17.174204
8,2025-06-08 14:00:00,35,50,138.9,17.0,19.0,27.666666666666668,14,6,1,19.097218
8,2025-06-08 15:00:00,11,16,52.1,35.0,22.0,23.0,15,6,1,26.177181
8,2025-06-08 16:00:00,30,37,121.98,11.0,16.0,21.0,16,6,1,14.66917
8,2025-06-08 17:00:00,24,32,131.45,30.0,23.0,25.333333333333332,17,6,1,25.686749
8,2025-06-08 18:00:00,19,31,95.3,24.0,23.0,21.666666666666668,18,6,1,21.168436
8,2025-06-08 19:00:00,13,19,53.3,19.0,19.0,24.333333333333332,19,6,1,17.895315
8,2025-06-08 20:00:00,0,0,0.0,13.0,23.0,18.666666666666668,20,6,1,12.212222
8,2025-06-08 21:00:00,0,0,0.0,0.0,0.0,10.666666666666666,21,6,1,0.041406278
8,2025-06-08 22:00:00,0,0,0.0,0.0,0.0,4.333333333333333,22,6,1,0.045894746
8,2025-06-08 23:00:00,0,0,0.0,0.0,0.0,0.0,23,6,1,0.045894746
8,2025-06-09 00:00:00,0,0,0.0,0.0,0.0,0.0,0,0,0,0.14641705
8,2025-06-09 01:00:00,0,0,0.0,0.0,0.0,0.0,1,0,0,0.14641705
8,2025-06-09 02:00:00,0,0,0.0,0.0,0.0,0.0,2,0,0,0.14641705
8,2025-06-09 03:00:00,0,0,0.0,0.0,0.0,0.0,3,0,0,0.14641705
8,2025-06-09 04:00:00,0,0,0.0,0.0,0.0,0.0,4,0,0,0.14641705
8,2025-06-09 05:00:00,0,0,0.0,0.0,0.0,0.0,5,0,0,0.14641705
8,2025-06-09 06:00:00,25,33,116.1,0.0,24.0,0.0,6,0,0,19.38079
8,2025-06-09 07:00:00,57,80,234.3,25.0,59.0,8.333333333333334,7,0,0,43.186485
8,2025-06-09 08:00:00,50,69,231.45,57.0,42.0,27.333333333333332,8,0,0,45.649105
8,2025-06-09 09:00:00,72,104,332.85,50.0,51.0,44.0,9,0,0,47.505795
8,2025-06-09 10:00:00,64,91,291.95,72.0,57.0,59.666666666666664,10,0,0,77.20863
8,2025-06-09 11:00:00,47,64,197.35,64.0,49.0,62.0,11,0,0,47.443623
8,2025-06-09 12:00:00,23,33,102.1,47.0,17.0,61.0,12,0,0,18.511621
8,2025-06-09 13:00:00,24,32,96.95,23.0,17.0,44.666666666666664,13,0,0,18.226362
8,2025-06-09 14:00:00,23,31,93.05,24.0,35.0,31.333333333333332,14,0,0,27.104727
8,2025-06-09 15:00:00,18,26,81.2,23.0,11.0,23.333333333333332,15,0,0,17.382044
8,2025-06-09 16:00:00,20,28,105.75,18.0,30.0,21.666666666666668,16,0,0,19.155163
8,2025-06-09 17:00:00,24,34,114.7,20.0,24.0,20.333333333333332,17,0,0,19.086119
8,2025-06-09 18:00:00,21,31,90.9,24.0,19.0,20.666666666666668,18,0,0,19.039799
8,2025-06-09 19:00:00,23,37,100.95,21.0,13.0,21.666666666666668,19,0,0,15.339352
8,2025-06-09 20:00:00,0,0,0.0,23.0,0.0,22.666666666666668,20,0,0,2.0066593
8,2025-06-09 21:00:00,0,0,0.0,0.0,0.0,14.666666666666666,21,0,0,0.11979155
8,2025-06-09 22:00:00,0,0,0.0,0.0,0.0,7.666666666666667,22,0,0,0.13331681
8,2025-06-09 23:00:00,0,0,0.0,0.0,0.0,0.0,23,0,0,0.13331681
8,2025-06-10 00:00:00,0,0,0.0,0.0,0.0,0.0,0,1,0,0.1730605
8,2025-06-10 01:00:00,0,0,0.0,0.0,0.0,0.0,1,1,0,0.1730605
8,2025-06-10 02:00:00,0,0,0.0,0.0,0.0,0.0,2,1,0,0.1730605
8,2025-06-10 03:00:00,0,0,0.0,0.0,0.0,0.0,3,1,0,0.1730605
8,2025-06-10 04:00:00,0,0,0.0,0.0,0.0,0.0,4,1,0,0.1730605
8,2025-06-10 05:00:00,0,0,0.0,0.0,0.0,0.0,5,1,0,0.1730605
8,2025-06-10 06:00:00,35,49,161.0,0.0,25.0,0.0,6,1,0,17.804434
8,2025-06-10 07:00:00,47,72,226.75,35.0,57.0,11.666666666666666,7,1,0,41.280334
8,2025-06-10 08:00:00,43,54,184.4,47.0,50.0,27.333333333333332,8,1,0,45.01229
8,2025-06-10 09:00:00,61,82,278.4,43.0,72.0,41.666666666666664,9,1,0,46.32402
8,2025-06-10 10:00:00,67,92,292.95,61.0,64.0,50.333333333333336,10,1,0,63.991352
8,2025-06-10 11:00:00,31,46,174.2,67.0,47.0,57.0,11,1,0,47.911766
8,2025-06-10 12:00:00,15,22,79.7,31.0,23.0,53.0,12,1,0,23.834482
8,2025-06-10 13:00:00,24,32,87.7,15.0,24.0,37.666666666666664,13,1,0,16.37093
8,2025-06-10 14:00:00,18,29,82.75,24.0,23.0,23.333333333333332,14,1,0,22.717897
8,2025-06-10 15:00:00,27,37,118.4,18.0,18.0,19.0,15,1,0,17.113718
8,2025-06-10 16:00:00,18,23,70.9,27.0,20.0,23.0,16,1,0,22.826546
8,2025-06-10 17:00:00,21,30,104.75,18.0,24.0,21.0,17,1,0,17.776283
8,2025-06-10 18:00:00,24,34,97.85,21.0,21.0,22.0,18,1,0,20.14255
8,2025-06-10 19:00:00,8,10,30.95,24.0,23.0,21.0,19,1,0,20.936657
8,2025-06-10 20:00:00,0,0,0.0,8.0,0.0,17.666666666666668,20,1,0,1.5111471
8,2025-06-10 21:00:00,0,0,0.0,0.0,0.0,10.666666666666666,21,1,0,0.2159358
8,2025-06-10 22:00:00,0,0,0.0,0.0,0.0,2.6666666666666665,22,1,0,0.15996027
8,2025-06-10 23:00:00,0,0,0.0,0.0,0.0,0.0,23,1,0,0.15996027
8,2025-06-11 00:00:00,0,0,0.0,0.0,0.0,0.0,0,2,0,0.1730605
8,2025-06-11 01:00:00,0,0,0.0,0.0,0.0,0.0,1,2,0,0.1730605
8,2025-06-11 02:00:00,0,0,0.0,0.0,0.0,0.0,2,2,0,0.1730605
8,2025-06-11 03:00:00,0,0,0.0,0.0,0.0,0.0,3,2,0,0.1730605
8,2025-06-11 04:00:00,0,0,0.0,0.0,0.0,0.0,4,2,0,0.1730605
8,2025-06-11 05:00:00,0,0,0.0,0.0,0.0,0.0,5,2,0,0.1730605
8,2025-06-11 06:00:00,31,39,128.75,0.0,35.0,0.0,6,2,0,25.709621
8,2025-06-11 07:00:00,49,68,206.5,31.0,47.0,10.333333333333334,7,2,0,44.057396
8,2025-06-11 08:00:00,77,109,342.7,49.0,43.0,26.666666666666668,8,2,0,42.299683
8,2025-06-11 09:00:00,42,55,173.2,77.0,61.0,52.333333333333336,9,2,0,78.05524
8,2025-06-11 10:00:00,60,86,292.85,42.0,67.0,56.0,10,2,0,47.041245
8,2025-06-11 11:00:00,50,69,224.98,60.0,31.0,59.666666666666664,11,2,0,22.591177
8,2025-06-11 12:00:00,16,21,69.55,50.0,15.0,50.666666666666664,12,2,0,16.11203
8,2025-06-11 13:00:00,19,31,102.1,16.0,24.0,42.0,13,2,0,16.37093
8,2025-06-11 14:00:00,28,42,134.0,19.0,18.0,28.333333333333332,14,2,0,20.005276
8,2025-06-11 15:00:00,17,23,65.4,28.0,27.0,21.0,15,2,0,23.477806
8,2025-06-11 16:00:00,16,23,64.45,17.0,18.0,21.333333333333332,16,2,0,17.376215
8,2025-06-11 17:00:00,13,19,51.5,16.0,21.0,20.333333333333332,17,2,0,17.454876
8,2025-06-11 18:00:00,19,28,76.85,13.0,24.0,15.333333333333334,18,2,0,15.052672
8,2025-06-11 19:00:00,18,23,69.7,19.0,8.0,16.0,19,2,0,12.932093
8,2025-06-11 20:00:00,0,0,0.0,18.0,0.0,16.666666666666668,20,2,0,1.8759136
8,2025-06-11 21:00:00,0,0,0.0,0.0,0.0,12.333333333333334,21,2,0,0.20199281
8,2025-06-11 22:00:00,0,0,0.0,0.0,0.0,6.0,22,2,0,0.15996027
8,2025-06-11 23:00:00,0,0,0.0,0.0,0.0,0.0,23,2,0,0.15996027
8,2025-06-12 00:00:00,0,0,0.0,0.0,0.0,0.0,0,3,0,0.1730605
8,2025-06-12 01:00:00,0,0,0.0,0.0,0.0,0.0,1,3,0,0.1730605
8,2025-06-12 02:00:00,0,0,0.0,0.0,0.0,0.0,2,3,0,0.1730605
8,2025-06-12 03:00:00,0,0,0.0,0.0,0.0,0.0,3,3,0,0.1730605
8,2025-06-12 04:00:00,0,0,0.0,0.0,0.0,0.0,4,3,0,0.1730605
8,2025-06-12 05:00:00,0,0,0.0,0.0,0.0,0.0,5,3,0,0.1730605
8,2025-06-12 06:00:00,34,52,139.65,0.0,31.0,0.0,6,3,0,21.125187
8,2025-06-12 07:00:00,46,68,201.45,34.0,49.0,11.333333333333334,7,3,0,41.611927
8,2025-06-12 08:00:00,47,67,189.05,46.0,77.0,26.666666666666668,8,3,0,46.45468
8,2025-06-12 09:00:00,61,84,374.45,47.0,42.0,42.333333333333336,9,3,0,45.773792
8,2025-06-12 10:00:00,57,84,262.8,61.0,60.0,51.333333333333336,10,3,0,60.25392
8,2025-06-12 11:00:00,28,40,108.35000000000001,57.0,50.0,55.0,11,3,0,43.853954
8,2025-06-12 12:00:00,24,34,98.65,28.0,16.0,48.666666666666664,12,3,0,19.459822
8,2025-06-12 13:00:00,25,36,113.7,24.0,19.0,36.333333333333336,13,3,0,20.273945
8,2025-06-12 14:00:00,16,22,69.7,25.0,28.0,25.666666666666668,14,3,0,24.997541
8,2025-06-12 15:00:00,15,21,77.5,16.0,17.0,21.666666666666668,15,3,0,16.502155
8,2025-06-12 16:00:00,19,26,71.25,15.0,16.0,18.666666666666668,16,3,0,16.434605
8,2025-06-12 17:00:00,32,45,160.0,19.0,13.0,16.666666666666668,17,3,0,15.974093
8,2025-06-12 18:00:00,28,38,118.3,32.0,19.0,22.0,18,3,0,23.467825
8,2025-06-12 19:00:00,21,27,121.75,28.0,18.0,26.333333333333332,19,3,0,22.832272
8,2025-06-12 20:00:00,0,0,0.0,21.0,0.0,27.0,20,3,0,2.4602013
8,2025-06-12 21:00:00,0,0,0.0,0.0,0.0,16.333333333333332,21,3,0,0.14643496
8,2025-06-12 22:00:00,0,0,0.0,0.0,0.0,7.0,22,3,0,0.15996027
8,2025-06-12 23:00:00,0,0,0.0,0.0,0.0,0.0,23,3,0,0.15996027
8,2025-06-13 00:00:00,0,0,0.0,0.0,0.0,0.0,0,4,0,0.14728445
8,2025-06-13 01:00:00,0,0,0.0,0.0,0.0,0.0,1,4,0,0.14728445
8,2025-06-13 02:00:00,0,0,0.0,0.0,0.0,0.0,2,4,0,0.14728445
8,2025-06-13 03:00:00,0,0,0.0,0.0,0.0,0.0,3,4,0,0.14728445
8,2025-06-13 04:00:00,0,0,0.0,0.0,0.0,0.0,4,4,0,0.14728445
8,2025-06-13 05:00:00,0,0,0.0,0.0,0.0,0.0,5,4,0,0.14728445
8,2025-06-13 06:00:00,0,0,0.0,0.0,34.0,0.0,6,4,0,24.450485
8,2025-06-13 07:00:00,0,0,0.0,0.0,46.0,0.0,7,4,0,37.60086
8,2025-06-13 08:00:00,120,185,578.95,0.0,47.0,0.0,8,4,0,40.774387
8,2025-06-13 09:00:00,102,154,506.25,120.0,61.0,40.0,9,4,0,78.123604
8,2025-06-13 10:00:00,94,152,496.4,102.0,57.0,74.0,10,4,0,74.496216
8,2025-06-13 11:00:00,6,8,25.85,94.0,28.0,105.33333333333333,11,4,0,11.806477
8,2025-06-13 12:00:00,13,23,88.9,6.0,24.0,67.33333333333333,12,4,0,13.770638
8,2025-06-13 13:00:00,17,27,99.45,13.0,25.0,37.666666666666664,13,4,0,16.37093
8,2025-06-13 14:00:00,16,25,77.05,17.0,16.0,12.0,14,4,0,13.228994
8,2025-06-13 15:00:00,17,29,96.65,16.0,15.0,15.333333333333334,15,4,0,14.989006
8,2025-06-13 16:00:00,30,42,173.55,17.0,19.0,16.666666666666668,16,4,0,16.808558
8,2025-06-13 17:00:00,11,19,65.05,30.0,32.0,21.0,17,4,0,24.081562
8,2025-06-13 18:00:00,24,37,140.0,11.0,28.0,19.333333333333332,18,4,0,16.861265
8,2025-06-13 19:00:00,18,27,67.1,24.0,21.0,21.666666666666668,19,4,0,21.06832
8,2025-06-13 20:00:00,25,41,119.6,18.0,0.0,17.666666666666668,20,4,0,1.7658788
8,2025-06-13 21:00:00,0,0,0.0,25.0,0.0,22.333333333333332,21,4,0,1.7531141
8,2025-06-13 22:00:00,0,0,0.0,0.0,0.0,14.333333333333334,22,4,0,0.12065895
8,2025-06-13 23:00:00,0,0,0.0,0.0,0.0,8.333333333333334,23,4,0,0.13418421
8,2025-06-14 00:00:00,0,0,0.0,0.0,0.0,0.0,0,5,1,0.19438204
8,2025-06-14 01:00:00,0,0,0.0,0.0,0.0,0.0,1,5,1,0.19438204
8,2025-06-14 02:00:00,0,0,0.0,0.0,0.0,0.0,2,5,1,0.19438204
8,2025-06-14 03:00:00,0,0,0.0,0.0,0.0,0.0,3,5,1,0.19438204
8,2025-06-14 04:00:00,0,0,0.0,0.0,0.0,0.0,4,5,1,0.19438204
8,2025-06-14 05:00:00,0,0,0.0,0.0,0.0,0.0,5,5,1,0.19438204
8,2025-06-14 06:00:00,0,0,0.0,0.0,0.0,0.0,6,5,1,2.8377452
8,2025-06-14 07:00:00,0,0,0.0,0.0,0.0,0.0,7,5,1,3.2581053
8,2025-06-14 08:00:00,123,163,556.9,0.0,120.0,0.0,8,5,1,81.82949
8,2025-06-14 09:00:00,118,163,602.4,123.0,102.0,41.0,9,5,1,78.18272
8,2025-06-14 10:00:00,102,135,519.4,118.0,94.0,80.33333333333333,10,5,1,73.08494
8,2025-06-14 11:00:00,12,20,55.35,102.0,6.0,114.33333333333333,11,5,1,9.559695
8,2025-06-14 12:00:00,13,17,56.45,12.0,13.0,77.33333333333333,12,5,1,11.690246
8,2025-06-14 13:00:00,19,26,104.0,13.0,17.0,42.333333333333336,13,5,1,15.997489
8,2025-06-14 14:00:00,12,15,67.53,19.0,16.0,14.666666666666666,14,5,1,16.13309
8,2025-06-14 15:00:00,14,18,72.6,12.0,17.0,14.666666666666666,15,5,1,14.060163
8,2025-06-14 16:00:00,18,24,90.65,14.0,30.0,15.0,16,5,1,16.419813
8,2025-06-14 17:00:00,13,20,87.9,18.0,11.0,14.666666666666666,17,5,1,14.30425
8,2025-06-14 18:00:00,17,26,85.25,13.0,24.0,15.0,18,5,1,15.236277
8,2025-06-14 19:00:00,19,23,86.15,17.0,18.0,16.0,19,5,1,14.899667
8,2025-06-14 20:00:00,18,22,112.03,19.0,25.0,16.333333333333332,20,5,1,11.710845
8,2025-06-14 21:00:00,0,0,0.0,18.0,0.0,18.0,21,5,1,1.7694199
8,2025-06-14 22:00:00,0,0,0.0,0.0,0.0,12.333333333333334,22,5,1,0.19223703
8,2025-06-14 23:00:00,0,0,0.0,0.0,0.0,6.0,23,5,1,0.15020446
8,2025-06-15 00:00:00,0,0,0.0,0.0,0.0,0.0,0,6,1,0.124147974
8,2025-06-15 01:00:00,0,0,0.0,0.0,0.0,0.0,1,6,1,0.124147974
8,2025-06-15 02:00:00,0,0,0.0,0.0,0.0,0.0,2,6,1,0.124147974
8,2025-06-15 03:00:00,0,0,0.0,0.0,0.0,0.0,3,6,1,0.124147974
8,2025-06-15 04:00:00,0,0,0.0,0.0,0.0,0.0,4,6,1,0.124147974
8,2025-06-15 05:00:00,0,0,0.0,0.0,0.0,0.0,5,6,1,0.124147974
8,2025-06-15 06:00:00,10,15,41.0,0.0,0.0,0.0,6,6,1,2.6932702
8,2025-06-15 07:00:00,68,94,335.9,10.0,0.0,3.3333333333333335,7,6,1,22.473082
8,2025-06-15 08:00:00,49,70,207.3,68.0,123.0,26.0,8,6,1,59.268284
8,2025-06-15 09:00:00,53,72,222.9,49.0,118.0,42.333333333333336,9,6,1,48.09981
8,2025-06-15 10:00:00,48,67,225.0,53.0,102.0,56.666666666666664,10,6,1,54.18877
8,2025-06-15 11:00:00,34,47,164.25,48.0,12.0,50.0,11,6,1,13.107263
8,2025-06-15 12:00:00,11,17,59.7,34.0,13.0,45.0,12,6,1,15.569267
8,2025-06-15 13:00:00,18,26,72.8,11.0,19.0,31.0,13,6,1,15.567211
8,2025-06-15 14:00:00,15,18,75.13,18.0,12.0,21.0,14,6,1,15.645451
8,2025-06-15 15:00:00,13,17,65.55,15.0,14.0,14.666666666666666,15,6,1,14.531429
8,2025-06-15 16:00:00,19,27,85.95,13.0,18.0,15.333333333333334,16,6,1,15.625921
8,2025-06-15 17:00:00,21,31,94.95,19.0,13.0,15.666666666666666,17,6,1,15.743342
8,2025-06-15 18:00:00,12,18,50.65,21.0,17.0,17.666666666666668,18,6,1,17.076485
8,2025-06-15 19:00:00,21,30,87.1,12.0,19.0,17.333333333333332,19,6,1,15.268566
8,2025-06-15 20:00:00,0,0,0.0,21.0,18.0,18.0,20,6,1,14.768212
8,2025-06-15 21:00:00,0,0,0.0,0.0,0.0,11.0,21,6,1,0.041406278
8,2025-06-15 22:00:00,0,0,0.0,0.0,0.0,7.0,22,6,1,0.045894746
8,2025-06-15 23:00:00,0,0,0.0,0.0,0.0,0.0,23,6,1,0.045894746
8,2025-06-16 00:00:00,0,0,0.0,0.0,0.0,0.0,0,0,0,0.14641705
8,2025-06-16 01:00:00,0,0,0.0,0.0,0.0,0.0,1,0,0,0.14641705
8,2025-06-16 02:00:00,0,0,0.0,0.0,0.0,0.0,2,0,0,0.14641705
8,2025-06-16 03:00:00,0,0,0.0,0.0,0.0,0.0,3,0,0,0.14641705
8,2025-06-16 04:00:00,0,0,0.0,0.0,0.0,0.0,4,0,0,0.14641705
8,2025-06-16 05:00:00,0,0,0.0,0.0,0.0,0.0,5,0,0,0.14641705
8,2025-06-16 06:00:00,28,42,134.0,0.0,10.0,0.0,6,0,0,10.943395
8,2025-06-16 07:00:00,79,103,353.0,28.0,68.0,9.333333333333334,7,0,0,44.452717
8,2025-06-16 08:00:00,53,78,247.15,79.0,49.0,35.666666666666664,8,0,0,62.853916
8,2025-06-16 09:00:00,53,65,227.75,53.0,53.0,53.333333333333336,9,0,0,49.984566
8,2025-06-16 10:00:00,60,83,291.35,53.0,48.0,61.666666666666664,10,0,0,54.704716
8,2025-06-16 11:00:00,37,48,175.75,60.0,34.0,55.333333333333336,11,0,0,31.440483
8,2025-06-16 12:00:00,15,21,64.95,37.0,11.0,50.0,12,0,0,14.555205
8,2025-06-16 13:00:00,16,22,66.45,15.0,18.0,37.333333333333336,13,0,0,16.736366
8,2025-06-16 14:00:00,24,32,102.55,16.0,15.0,22.666666666666668,14,0,0,16.475645
8,2025-06-16 15:00:00,9,13,40.75,24.0,13.0,18.333333333333332,15,0,0,17.727306
8,2025-06-16 16:00:00,14,19,55.6,9.0,19.0,16.333333333333332,16,0,0,14.710149
8,2025-06-16 17:00:00,13,19,65.45,14.0,21.0,15.666666666666666,17,0,0,15.651795
8,2025-06-16 18:00:00,20,28,81.55,13.0,12.0,12.0,18,0,0,10.988644
8,2025-06-16 19:00:00,15,24,69.65,20.0,21.0,15.666666666666666,19,0,0,17.100245
8,2025-06-16 20:00:00,0,0,0.0,15.0,0.0,16.0,20,0,0,2.0858867
8,2025-06-16 21:00:00,0,0,0.0,0.0,0.0,11.666666666666666,21,0,0,0.17534938
8,2025-06-16 22:00:00,0,0,0.0,0.0,0.0,5.0,22,0,0,0.13331681
8,2025-06-16 23:00:00,0,0,0.0,0.0,0.0,0.0,23,0,0,0.13331681
8,2025-06-17 00:00:00,0,0,0.0,0.0,0.0,0.0,0,1,0,0.1730605
8,2025-06-17 01:00:00,0,0,0.0,0.0,0.0,0.0,1,1,0,0.1730605
8,2025-06-17 02:00:00,0,0,0.0,0.0,0.0,0.0,2,1,0,0.1730605
8,2025-06-17 03:00:00,0,0,0.0,0.0,0.0,0.0,3,1,0,0.1730605
8,2025-06-17 04:00:00,0,0,0.0,0.0,0.0,0.0,4,1,0,0.1730605
8,2025-06-17 05:00:00,0,0,0.0,0.0,0.0,0.0,5,1,0,0.1730605
8,2025-06-17 06:00:00,28,38,177.05,0.0,28.0,0.0,6,1,0,20.198107
8,2025-06-17 07:00:00,35,46,153.55,28.0,79.0,9.333333333333334,7,1,0,49.021576
8,2025-06-17 08:00:00,26,34,104.3,35.0,53.0,21.0,8,1,0,41.912266
8,2025-06-17 09:00:00,41,61,519.75,26.0,53.0,29.666666666666668,9,1,0,33.84387
8,2025-06-17 10:00:00,46,68,527.55,41.0,60.0,34.0,10,1,0,41.636494
8,2025-06-17 11:00:00,24,41,462.3,46.0,37.0,37.666666666666664,11,1,0,37.008934
8,2025-06-17 12:00:00,15,24,75.6,24.0,15.0,37.0,12,1,0,15.438645
8,2025-06-17 13:00:00,12,16,78.6,15.0,16.0,28.333333333333332,13,1,0,16.079525
8,2025-06-17 14:00:00,7,9,42.8,12.0,24.0,17.0,14,1,0,16.364769
8,2025-06-17 15:00:00,10,15,50.25,7.0,9.0,11.333333333333334,15,1,0,9.874384
8,2025-06-17 16:00:00,8,12,32.0,10.0,14.0,9.666666666666666,16,1,0,10.475131
8,2025-06-17 17:00:00,10,14,40.7,8.0,13.0,8.333333333333334,17,1,0,9.095212
8,2025-06-17 18:00:00,7,13,37.65,10.0,20.0,9.333333333333334,18,1,0,11.798779
8,2025-06-17 19:00:00,4,6,18.0,7.0,15.0,8.333333333333334,19,1,0,8.571691
8,2025-06-17 20:00:00,0,0,0.0,4.0,0.0,7.0,20,1,0,0.8361628
8,2025-06-17 21:00:00,0,0,0.0,0.0,0.0,3.6666666666666665,21,1,0,0.15996027
8,2025-06-17 22:00:00,0,0,0.0,0.0,0.0,1.3333333333333333,22,1,0,0.15996027
8,2025-06-17 23:00:00,0,0,0.0,0.0,0.0,0.0,23,1,0,0.15996027
8,2025-06-18 00:00:00,0,0,0.0,0.0,0.0,0.0,0,2,0,0.1730605
8,2025-06-18 01:00:00,0,0,0.0,0.0,0.0,0.0,1,2,0,0.1730605
8,2025-06-18 02:00:00,0,0,0.0,0.0,0.0,0.0,2,2,0,0.1730605
8,2025-06-18 03:00:00,0,0,0.0,0.0,0.0,0.0,3,2,0,0.1730605
8,2025-06-18 04:00:00,0,0,0.0,0.0,0.0,0.0,4,2,0,0.1730605
8,2025-06-18 05:00:00,0,0,0.0,0.0,0.0,0.0,5,2,0,0.1730605
8,2025-06-18 06:00:00,25,33,119.95,0.0,28.0,0.0,6,2,0,20.198107
8,2025-06-18 07:00:00,67,89,278.0,25.0,35.0,8.333333333333334,7,2,0,30.711056
8,2025-06-18 08:00:00,73,97,344.55,67.0,26.0,30.666666666666668,8,2,0,47.625248
8,2025-06-18 09:00:00,58,83,286.58,73.0,41.0,55.0,9,2,0,73.40317
8,2025-06-18 10:00:00,64,89,336.6,58.0,46.0,66.0,10,2,0,53.827206
8,2025-06-18 11:00:00,33,44,152.65,64.0,24.0,65.0,11,2,0,17.607716
8,2025-06-18 12:00:00,18,28,87.45,33.0,15.0,51.666666666666664,12,2,0,16.11203
8,2025-06-18 13:00:00,18,28,86.95,18.0,12.0,38.333333333333336,13,2,0,15.523104
8,2025-06-18 14:00:00,15,25,73.3,18.0,7.0,23.0,14,2,0,16.727188
8,2025-06-18 15:00:00,15,24,67.55,15.0,10.0,17.0,15,2,0,14.274189
8,2025-06-18 16:00:00,16,24,91.25,15.0,8.0,16.0,16,2,0,13.864769
8,2025-06-18 17:00:00,21,31,92.4,16.0,10.0,15.333333333333334,17,2,0,13.73692
8,2025-06-18 18:00:00,10,17,66.3,21.0,7.0,17.333333333333332,18,2,0,13.487782
8,2025-06-18 19:00:00,18,26,92.4,10.0,4.0,15.666666666666666,19,2,0,7.5232134
8,2025-06-18 20:00:00,0,0,0.0,18.0,0.0,16.333333333333332,20,2,0,1.8759136
8,2025-06-18 21:00:00,0,0,0.0,0.0,0.0,9.333333333333334,21,2,0,0.2159358
8,2025-06-18 22:00:00,0,0,0.0,0.0,0.0,6.0,22,2,0,0.15996027
8,2025-06-18 23:00:00,0,0,0.0,0.0,0.0,0.0,23,2,0,0.15996027
8,2025-06-19 00:00:00,0,0,0.0,0.0,0.0,0.0,0,3,0,0.1730605
8,2025-06-19 01:00:00,0,0,0.0,0.0,0.0,0.0,1,3,0,0.1730605
8,2025-06-19 02:00:00,0,0,0.0,0.0,0.0,0.0,2,3,0,0.1730605
8,2025-06-19 03:00:00,0,0,0.0,0.0,0.0,0.0,3,3,0,0.1730605
8,2025-06-19 04:00:00,0,0,0.0,0.0,0.0,0.0,4,3,0,0.1730605
8,2025-06-19 05:00:00,0,0,0.0,0.0,0.0,0.0,5,3,0,0.1730605
8,2025-06-19 06:00:00,47,69,234.83,0.0,25.0,0.0,6,3,0,16.328985
8,2025-06-19 07:00:00,68,90,353.95,47.0,67.0,15.666666666666666,7,3,0,46.086216
8,2025-06-19 08:00:00,68,93,304.25,68.0,73.0,38.333333333333336,8,3,0,58.790993
8,2025-06-19 09:00:00,53,73,220.15,68.0,58.0,61.0,9,3,0,70.51454
8,2025-06-19 10:00:00,52,73,291.65,53.0,64.0,63.0,10,3,0,57.197895
8,2025-06-19 11:00:00,32,42,129.15,52.0,33.0,57.666666666666664,11,3,0,26.593298
8,2025-06-19 12:00:00,25,35,107.0,32.0,18.0,45.666666666666664,12,3,0,21.839417
8,2025-06-19 13:00:00,12,17,53.3,25.0,18.0,36.333333333333336,13,3,0,21.166943
8,2025-06-19 14:00:00,9,9,24.8,12.0,15.0,23.0,14,3,0,14.268935
8,2025-06-19 15:00:00,24,31,100.1,9.0,15.0,15.333333333333334,15,3,0,12.625614
8,2025-06-19 16:00:00,19,29,106.8,24.0,16.0,15.0,16,3,0,18.184553
8,2025-06-19 17:00:00,13,18,51.65,19.0,21.0,17.333333333333332,17,3,0,17.683672
8,2025-06-19 18:00:00,17,24,90.8,13.0,10.0,18.666666666666668,18,3,0,9.918222
8,2025-06-19 19:00:00,15,21,55.65,17.0,18.0,16.333333333333332,19,3,0,15.093322
8,2025-06-19 20:00:00,0,0,0.0,15.0,0.0,15.0,20,3,0,2.3405418
8,2025-06-19 21:00:00,0,0,0.0,0.0,0.0,10.666666666666666,21,3,0,0.2159358
8,2025-06-19 22:00:00,0,0,0.0,0.0,0.0,5.0,22,3,0,0.15996027
8,2025-06-19 23:00:00,0,0,0.0,0.0,0.0,0.0,23,3,0,0.15996027
8,2025-06-20 00:00:00,0,0,0.0,0.0,0.0,0.0,0,4,0,0.14728445
8,2025-06-20 01:00:00,0,0,0.0,0.0,0.0,0.0,1,4,0,0.14728445
8,2025-06-20 02:00:00,0,0,0.0,0.0,0.0,0.0,2,4,0,0.14728445
8,2025-06-20 03:00:00,0,0,0.0,0.0,0.0,0.0,3,4,0,0.14728445
8,2025-06-20 04:00:00,0,0,0.0,0.0,0.0,0.0,4,4,0,0.14728445
8,2025-06-20 05:00:00,0,0,0.0,0.0,0.0,0.0,5,4,0,0.14728445
8,2025-06-20 06:00:00,0,0,0.0,0.0,47.0,0.0,6,4,0,32.434486
8,2025-06-20 07:00:00,0,0,0.0,0.0,68.0,0.0,7,4,0,41.310745
8,2025-06-20 08:00:00,94,133,428.4,0.0,68.0,0.0,8,4,0,46.47635
8,2025-06-20 09:00:00,74,102,341.7,94.0,53.0,31.333333333333332,9,4,0,74.106346
8,2025-06-20 10:00:00,82,121,390.75,74.0,52.0,56.0,10,4,0,63.775894
8,2025-06-20 11:00:00,8,12,34.05,82.0,32.0,83.33333333333333,11,4,0,15.384442
8,2025-06-20 12:00:00,8,13,55.25,8.0,25.0,54.666666666666664,12,4,0,13.271769
8,2025-06-20 13:00:00,13,19,59.85,8.0,12.0,32.666666666666664,13,4,0,12.3122015
8,2025-06-20 14:00:00,26,37,99.6,13.0,9.0,9.666666666666666,14,4,0,10.958492
8,2025-06-20 15:00:00,15,21,105.65,26.0,24.0,15.666666666666666,15,4,0,21.392395
8,2025-06-20 16:00:00,16,23,72.15,15.0,19.0,18.0,16,4,0,16.808558
8,2025-06-20 17:00:00,10,16,48.5,16.0,13.0,19.0,17,4,0,15.13997
8,2025-06-20 18:00:00,9,14,36.85,10.0,17.0,13.666666666666666,18,4,0,12.816664
8,2025-06-20 19:00:00,20,31,86.5,9.0,15.0,11.666666666666666,19,4,0,10.031027
8,2025-06-20 20:00:00,21,33,126.4,20.0,0.0,13.0,20,4,0,2.4121459
8,2025-06-20 21:00:00,0,0,0.0,21.0,0.0,16.666666666666668,21,4,0,1.6940075
8,2025-06-20 22:00:00,0,0,0.0,0.0,0.0,13.666666666666666,22,4,0,0.12065895
8,2025-06-20 23:00:00,0,0,0.0,0.0,0.0,7.0,23,4,0,0.13418421
8,2025-06-21 00:00:00,0,0,0.0,0.0,0.0,0.0,0,5,1,0.19438204
8,2025-06-21 01:00:00,0,0,0.0,0.0,0.0,0.0,1,5,1,0.19438204
8,2025-06-21 02:00:00,0,0,0.0,0.0,0.0,0.0,2,5,1,0.19438204
8,2025-06-21 03:00:00,0,0,0.0,0.0,0.0,0.0,3,5,1,0.19438204
8,2025-06-21 04:00:00,0,0,0.0,0.0,0.0,0.0,4,5,1,0.19438204
8,2025-06-21 05:00:00,0,0,0.0,0.0,0.0,0.0,5,5,1,0.19438204
8,2025-06-21 06:00:00,0,0,0.0,0.0,0.0,0.0,6,5,1,2.8377452
8,2025-06-21 07:00:00,0,0,0.0,0.0,0.0,0.0,7,5,1,3.2581053
8,2025-06-21 08:00:00,92,128,484.13,0.0,94.0,0.0,8,5,1,57.04425
8,2025-06-21 09:00:00,100,130,431.1,92.0,74.0,30.666666666666668,9,5,1,73.14332
8,2025-06-21 10:00:00,99,143,491.8,100.0,82.0,64.0,10,5,1,80.71821
8,2025-06-21 11:00:00,9,12,34.05,99.0,8.0,97.0,11,5,1,11.285917
8,2025-06-21 12:00:00,19,26,116.6,9.0,8.0,69.33333333333333,12,5,1,10.939721
8,2025-06-21 13:00:00,27,37,135.65,19.0,13.0,42.333333333333336,13,5,1,16.01108
8,2025-06-21 14:00:00,26,35,104.05,27.0,26.0,18.333333333333332,14,5,1,22.050722
8,2025-06-21 15:00:00,22,27,77.35,26.0,15.0,24.0,15,5,1,20.39501
8,2025-06-21 16:00:00,15,21,63.05,22.0,16.0,25.0,16,5,1,19.504587
8,2025-06-21 17:00:00,13,20,59.85,15.0,10.0,21.0,17,5,1,14.080427
8,2025-06-21 18:00:00,22,31,81.2,13.0,9.0,16.666666666666668,18,5,1,9.918222
8,2025-06-21 19:00:00,15,24,74.7,22.0,20.0,16.666666666666668,19,5,1,17.722881
8,2025-06-21 20:00:00,26,37,150.3,15.0,21.0,16.666666666666668,20,5,1,11.935353
8,2025-06-21 21:00:00,0,0,0.0,26.0,0.0,21.0,21,5,1,1.587455
8,2025-06-21 22:00:00,0,0,0.0,0.0,0.0,13.666666666666666,22,5,1,0.13667916
8,2025-06-21 23:00:00,0,0,0.0,0.0,0.0,8.666666666666666,23,5,1,0.20618002
8,2025-06-22 00:00:00,0,0,0.0,0.0,0.0,0.0,0,6,1,0.124147974
8,2025-06-22 01:00:00,0,0,0.0,0.0,0.0,0.0,1,6,1,0.124147974
8,2025-06-22 02:00:00,0,0,0.0,0.0,0.0,0.0,2,6,1,0.124147974
8,2025-06-22 03:00:00,0,0,0.0,0.0,0.0,0.0,3,6,1,0.124147974
8,2025-06-22 04:00:00,0,0,0.0,0.0,0.0,0.0,4,6,1,0.124147974
8,2025-06-22 05:00:00,0,0,0.0,0.0,0.0,0.0,5,6,1,0.124147974
8,2025-06-22 06:00:00,16,21,68.95,0.0,0.0,0.0,6,6,1,2.6932702
8,2025-06-22 07:00:00,34,51,173.35,16.0,0.0,5.333333333333333,7,6,1,23.797506
8,2025-06-22 08:00:00,45,62,187.45,34.0,92.0,16.666666666666668,8,6,1,43.070683
8,2025-06-22 09:00:00,39,50,192.45,45.0,100.0,31.666666666666668,9,6,1,49.366314
8,2025-06-22 10:00:00,37,52,176.75,39.0,99.0,39.333333333333336,10,6,1,49.585106
8,2025-06-22 11:00:00,26,34,102.75,37.0,9.0,40.333333333333336,11,6,1,11.744903
8,2025-06-22 12:00:00,16,24,74.85,26.0,19.0,34.0,12,6,1,19.893576
8,2025-06-22 13:00:00,18,23,67.95,16.0,27.0,26.333333333333332,13,6,1,19.565228
8,2025-06-22 14:00:00,18,26,82.1,18.0,26.0,20.0,14,6,1,18.31863
8,2025-06-22 15:00:00,20,28,102.0,18.0,22.0,17.333333333333332,15,6,1,17.111137
8,2025-06-22 16:00:00,16,22,73.0,20.0,15.0,18.666666666666668,16,6,1,16.316687
8,2025-06-22 17:00:00,16,21,75.8,16.0,13.0,18.0,17,6,1,15.13997
8,2025-06-22 18:00:00,18,26,69.85,16.0,22.0,17.333333333333332,18,6,1,16.178465
8,2025-06-22 19:00:00,22,29,109.85,18.0,15.0,16.666666666666668,19,6,1,14.674968
8,2025-06-22 20:00:00,0,0,0.0,22.0,26.0,18.666666666666668,20,6,1,18.912426
8,2025-06-22 21:00:00,0,0,0.0,0.0,0.0,13.333333333333334,21,6,1,0.027463323
8,2025-06-22 22:00:00,0,0,0.0,0.0,0.0,7.333333333333333,22,6,1,0.045894746
8,2025-06-22 23:00:00,0,0,0.0,0.0,0.0,0.0,23,6,1,0.045894746
8,2025-06-23 00:00:00,0,0,0.0,0.0,0.0,0.0,0,0,0,0.14641705
8,2025-06-23 01:00:00,0,0,0.0,0.0,0.0,0.0,1,0,0,0.14641705
8,2025-06-23 02:00:00,0,0,0.0,0.0,0.0,0.0,2,0,0,0.14641705
8,2025-06-23 03:00:00,0,0,0.0,0.0,0.0,0.0,3,0,0,0.14641705
8,2025-06-23 04:00:00,0,0,0.0,0.0,0.0,0.0,4,0,0,0.14641705
8,2025-06-23 05:00:00,0,0,0.0,0.0,0.0,0.0,5,0,0,0.14641705
8,2025-06-23 06:00:00,29,43,135.75,0.0,16.0,0.0,6,0,0,15.067533
8,2025-06-23 07:00:00,51,70,223.55,29.0,34.0,9.666666666666666,7,0,0,31.964554
8,2025-06-23 08:00:00,48,67,256.95,51.0,45.0,26.666666666666668,8,0,0,41.944035
8,2025-06-23 09:00:00,59,84,307.05,48.0,39.0,42.666666666666664,9,0,0,47.78857
8,2025-06-23 10:00:00,31,42,144.08,59.0,37.0,52.666666666666664,10,0,0,51.970062
8,2025-06-23 11:00:00,33,46,239.8,31.0,26.0,46.0,11,0,0,22.658682
8,2025-06-23 12:00:00,16,24,72.85,33.0,16.0,41.0,12,0,0,18.989801
8,2025-06-23 13:00:00,15,23,78.45,16.0,18.0,26.666666666666668,13,0,0,16.945549
8,2025-06-23 14:00:00,26,36,116.85,15.0,18.0,21.333333333333332,14,0,0,17.376215
8,2025-06-23 15:00:00,20,26,74.5,26.0,20.0,19.0,15,0,0,20.481041
8,2025-06-23 16:00:00,11,14,43.5,20.0,16.0,20.333333333333332,16,0,0,17.388178
8,2025-06-23 17:00:00,17,26,75.65,11.0,16.0,19.0,17,0,0,14.509841
8,2025-06-23 18:00:00,26,43,133.75,17.0,18.0,16.0,18,0,0,14.899667
8,2025-06-23 19:00:00,20,26,81.35,26.0,22.0,18.0,19,0,0,20.639101
8,2025-06-23 20:00:00,0,0,0.0,20.0,0.0,21.0,20,0,0,1.5236701
8,2025-06-23 21:00:00,0,0,0.0,0.0,0.0,15.333333333333334,21,0,0,0.11979155
8,2025-06-23 22:00:00,0,0,0.0,0.0,0.0,6.666666666666667,22,0,0,0.13331681
8,2025-06-23 23:00:00,0,0,0.0,0.0,0.0,0.0,23,0,0,0.13331681
8,2025-06-24 00:00:00,0,0,0.0,0.0,0.0,0.0,0,1,0,0.1730605
8,2025-06-24 01:00:00,0,0,0.0,0.0,0.0,0.0,1,1,0,0.1730605
8,2025-06-24 02:00:00,0,0,0.0,0.0,0.0,0.0,2,1,0,0.1730605
8,2025-06-24 03:00:00,0,0,0.0,0.0,0.0,0.0,3,1,0,0.1730605
8,2025-06-24 04:00:00,0,0,0.0,0.0,0.0,0.0,4,1,0,0.1730605
8,2025-06-24 05:00:00,0,0,0.0,0.0,0.0,0.0,5,1,0,0.1730605
8,2025-06-24 06:00:00,21,30,94.6,0.0,29.0,0.0,6,1,0,21.612272
8,2025-06-24 07:00:00,46,61,209.05,21.0,51.0,7.0,7,1,0,36.635014
8,2025-06-24 08:00:00,44,58,189.4,46.0,48.0,22.333333333333332,8,1,0,43.315605
8,2025-06-24 09:00:00,37,52,157.9,44.0,59.0,37.0,9,1,0,46.058826
8,2025-06-24 10:00:00,41,60,217.8,37.0,31.0,42.333333333333336,10,1,0,41.785984
8,2025-06-24 11:00:00,23,35,110.05,41.0,33.0,40.666666666666664,11,1,0,27.447556
8,2025-06-24 12:00:00,25,33,114.4,23.0,16.0,33.666666666666664,12,1,0,16.415928
8,2025-06-24 13:00:00,15,24,72.05,25.0,15.0,29.666666666666668,13,1,0,19.94942
8,2025-06-24 14:00:00,21,31,90.8,15.0,26.0,21.0,14,1,0,18.365461
8,2025-06-24 15:00:00,20,31,96.4,21.0,20.0,20.333333333333332,15,1,0,19.354227
8,2025-06-24 16:00:00,16,22,68.95,20.0,11.0,18.666666666666668,16,1,0,15.715164
8,2025-06-24 17:00:00,16,26,85.9,16.0,17.0,19.0,17,1,0,16.402426
8,2025-06-24 18:00:00,18,25,103.85,16.0,26.0,17.333333333333332,18,1,0,16.927698
8,2025-06-24 19:00:00,16,23,79.65,18.0,20.0,16.666666666666668,19,1,0,15.931446
8,2025-06-24 20:00:00,0,0,0.0,16.0,0.0,16.666666666666668,20,1,0,1.8085947
8,2025-06-24 21:00:00,0,0,0.0,0.0,0.0,11.333333333333334,21,1,0,0.20160377
8,2025-06-24 22:00:00,0,0,0.0,0.0,0.0,5.333333333333333,22,1,0,0.15996027
8,2025-06-24 23:00:00,0,0,0.0,0.0,0.0,0.0,23,1,0,0.15996027
8,2025-06-25 00:00:00,0,0,0.0,0.0,0.0,0.0,0,2,0,0.1730605
8,2025-06-25 01:00:00,0,0,0.0,0.0,0.0,0.0,1,2,0,0.1730605
8,2025-06-25 02:00:00,0,0,0.0,0.0,0.0,0.0,2,2,0,0.1730605
8,2025-06-25 03:00:00,0,0,0.0,0.0,0.0,0.0,3,2,0,0.1730605
8,2025-06-25 04:00:00,0,0,0.0,0.0,0.0,0.0,4,2,0,0.1730605
8,2025-06-25 05:00:00,0,0,0.0,0.0,0.0,0.0,5,2,0,0.1730605
8,2025-06-25 06:00:00,21,29,89.5,0.0,21.0,0.0,6,2,0,17.118492
8,2025-06-25 07:00:00,51,68,225.5,21.0,46.0,7.0,7,2,0,37.10752
8,2025-06-25 08:00:00,49,68,245.15,51.0,44.0,24.0,8,2,0,42.15316
8,2025-06-25 09:00:00,42,58,186.85,49.0,37.0,40.333333333333336,9,2,0,45.010277
8,2025-06-25 10:00:00,42,60,202.05,42.0,41.0,47.333333333333336,10,2,0,45.02727
8,2025-06-25 11:00:00,33,45,153.4,42.0,23.0,44.333333333333336,11,2,0,19.375257
8,2025-06-25 12:00:00,19,29,108.95,33.0,25.0,39.0,12,2,0,24.272966
8,2025-06-25 13:00:00,17,25,78.1,19.0,15.0,31.333333333333332,13,2,0,16.388403
8,2025-06-25 14:00:00,15,20,78.1,17.0,21.0,23.0,14,2,0,18.135872
8,2025-06-25 15:00:00,12,17,59.5,15.0,20.0,17.0,15,2,0,16.808558
8,2025-06-25 16:00:00,22,30,86.45,12.0,16.0,14.666666666666666,16,2,0,13.985302
8,2025-06-25 17:00:00,20,27,98.65,22.0,16.0,16.333333333333332,17,2,0,17.654335
8,2025-06-25 18:00:00,17,25,80.8,20.0,18.0,18.0,18,2,0,16.405775
8,2025-06-25 19:00:00,16,26,76.2,17.0,16.0,19.666666666666668,19,2,0,15.322961
8,2025-06-25 20:00:00,0,0,0.0,16.0,0.0,17.666666666666668,20,2,0,1.8085947
8,2025-06-25 21:00:00,0,0,0.0,0.0,0.0,11.0,21,2,0,0.2159358
8,2025-06-25 22:00:00,0,0,0.0,0.0,0.0,5.333333333333333,22,2,0,0.15996027
8,2025-06-25 23:00:00,0,0,0.0,0.0,0.0,0.0,23,2,0,0.15996027
8,2025-06-26 00:00:00,0,0,0.0,0.0,0.0,0.0,0,3,0,0.1730605
8,2025-06-26 01:00:00,0,0,0.0,0.0,0.0,0.0,1,3,0,0.1730605
8,2025-06-26 02:00:00,0,0,0.0,0.0,0.0,0.0,2,3,0,0.1730605
8,2025-06-26 03:00:00,0,0,0.0,0.0,0.0,0.0,3,3,0,0.1730605
8,2025-06-26 04:00:00,0,0,0.0,0.0,0.0,0.0,4,3,0,0.1730605
8,2025-06-26 05:00:00,0,0,0.0,0.0,0.0,0.0,5,3,0,0.1730605
8,2025-06-26 06:00:00,20,27,108.0,0.0,21.0,0.0,6,3,0,16.24176
8,2025-06-26 07:00:00,48,63,244.7,20.0,51.0,6.666666666666667,7,3,0,37.989407
8,2025-06-26 08:00:00,47,64,213.2,48.0,49.0,22.666666666666668,8,3,0,44.71952
8,2025-06-26 09:00:00,52,69,234.55,47.0,42.0,38.333333333333336,9,3,0,43.559566
8,2025-06-26 10:00:00,51,64,201.75,52.0,42.0,49.0,10,3,0,46.786983
8,2025-06-26 11:00:00,31,46,142.5,51.0,33.0,50.0,11,3,0,28.709366
8,2025-06-26 12:00:00,11,16,52.0,31.0,19.0,44.666666666666664,12,3,0,22.149256
8,2025-06-26 13:00:00,24,34,117.1,11.0,17.0,31.0,13,3,0,14.616364
8,2025-06-26 14:00:00,20,27,82.45,24.0,15.0,22.0,14,3,0,17.850971
8,2025-06-26 15:00:00,12,19,47.75,20.0,12.0,18.333333333333332,15,3,0,16.133425
8,2025-06-26 16:00:00,17,24,69.05,12.0,22.0,18.666666666666668,16,3,0,16.441404
8,2025-06-26 17:00:00,20,31,88.5,17.0,20.0,16.333333333333332,17,3,0,16.125275
8,2025-06-26 18:00:00,20,27,94.15,20.0,17.0,16.333333333333332,18,3,0,15.85798
8,2025-06-26 19:00:00,14,17,50.4,20.0,16.0,19.0,19,3,0,16.156391
8,2025-06-26 20:00:00,0,0,0.0,14.0,0.0,18.0,20,3,0,1.7146521
8,2025-06-26 21:00:00,0,0,0.0,0.0,0.0,11.333333333333334,21,3,0,0.20160377
8,2025-06-26 22:00:00,0,0,0.0,0.0,0.0,4.666666666666667,22,3,0,0.15996027
8,2025-06-26 23:00:00,0,0,0.0,0.0,0.0,0.0,23,3,0,0.15996027
8,2025-06-27 00:00:00,0,0,0.0,0.0,0.0,0.0,0,4,0,0.14728445
8,2025-06-27 01:00:00,0,0,0.0,0.0,0.0,0.0,1,4,0,0.14728445
8,2025-06-27 02:00:00,0,0,0.0,0.0,0.0,0.0,2,4,0,0.14728445
8,2025-06-27 03:00:00,0,0,0.0,0.0,0.0,0.0,3,4,0,0.14728445
8,2025-06-27 04:00:00,0,0,0.0,0.0,0.0,0.0,4,4,0,0.14728445
8,2025-06-27 05:00:00,0,0,0.0,0.0,0.0,0.0,5,4,0,0.14728445
8,2025-06-27 06:00:00,0,0,0.0,0.0,20.0,0.0,6,4,0,17.87831
8,2025-06-27 07:00:00,0,0,0.0,0.0,48.0,0.0,7,4,0,37.162426
8,2025-06-27 08:00:00,71,94,265.1,0.0,47.0,0.0,8,4,0,40.774387
8,2025-06-27 09:00:00,97,135,378.1,71.0,52.0,23.666666666666668,9,4,0,63.185257
8,2025-06-27 10:00:00,99,143,415.45,97.0,51.0,56.0,10,4,0,77.80821
8,2025-06-27 11:00:00,8,13,37.85,99.0,31.0,89.0,11,4,0,15.132384
8,2025-06-27 12:00:00,21,36,102.65,8.0,11.0,68.0,12,4,0,10.938941
8,2025-06-27 13:00:00,14,20,58.55,21.0,24.0,42.666666666666664,13,4,0,22.414246
8,2025-06-27 14:00:00,8,12,34.6,14.0,20.0,14.333333333333334,14,4,0,15.261229
8,2025-06-27 15:00:00,20,30,85.1,8.0,12.0,14.333333333333334,15,4,0,12.032946
8,2025-06-27 16:00:00,12,13,40.95,20.0,17.0,14.0,16,4,0,16.230612
8,2025-06-27 17:00:00,19,31,76.5,12.0,20.0,13.333333333333334,17,4,0,14.186952
8,2025-06-27 18:00:00,14,23,62.35,19.0,20.0,17.0,18,4,0,16.498655
8,2025-06-27 19:00:00,11,13,39.25,14.0,14.0,15.0,19,4,0,13.233672
8,2025-06-27 20:00:00,20,31,80.25,11.0,0.0,14.666666666666666,20,4,0,1.4903206
8,2025-06-27 21:00:00,0,0,0.0,20.0,0.0,15.0,21,4,0,2.297826
8,2025-06-27 22:00:00,0,0,0.0,0.0,0.0,10.333333333333334,22,4,0,0.19015977
8,2025-06-27 23:00:00,0,0,0.0,0.0,0.0,6.666666666666667,23,4,0,0.13418421
8,2025-06-28 00:00:00,0,0,0.0,0.0,0.0,0.0,0,5,1,0.19438204
8,2025-06-28 01:00:00,0,0,0.0,0.0,0.0,0.0,1,5,1,0.19438204
8,2025-06-28 02:00:00,0,0,0.0,0.0,0.0,0.0,2,5,1,0.19438204
8,2025-06-28 03:00:00,0,0,0.0,0.0,0.0,0.0,3,5,1,0.19438204
8,2025-06-28 04:00:00,0,0,0.0,0.0,0.0,0.0,4,5,1,0.19438204
8,2025-06-28 05:00:00,0,0,0.0,0.0,0.0,0.0,5,5,1,0.19438204
8,2025-06-28 06:00:00,0,0,0.0,0.0,0.0,0.0,6,5,1,2.8377452
8,2025-06-28 07:00:00,0,0,0.0,0.0,0.0,0.0,7,5,1,3.2581053
8,2025-06-28 08:00:00,28,37,114.8,0.0,71.0,0.0,8,5,1,45.64465
8,2025-06-28 09:00:00,27,40,126.2,28.0,97.0,9.333333333333334,9,5,1,48.794037
8,2025-06-28 10:00:00,28,37,121.35,27.0,99.0,18.333333333333332,10,5,1,44.447464
8,2025-06-28 11:00:00,22,32,94.65,28.0,8.0,27.666666666666668,11,5,1,13.2176895
8,2025-06-28 12:00:00,23,32,105.9,22.0,21.0,25.666666666666668,12,5,1,21.971252
8,2025-06-28 13:00:00,36,50,155.5,23.0,14.0,24.333333333333332,13,5,1,17.20726
8,2025-06-28 14:00:00,34,52,160.5,36.0,8.0,27.0,14,5,1,20.325459
8,2025-06-28 15:00:00,24,32,105.6,34.0,20.0,31.0,15,5,1,26.58906
8,2025-06-28 16:00:00,32,42,131.0,24.0,12.0,31.333333333333332,16,5,1,20.191679
8,2025-06-28 17:00:00,29,39,135.95,32.0,19.0,30.0,17,5,1,26.04573
8,2025-06-28 18:00:00,24,34,102.6,29.0,14.0,28.333333333333332,18,5,1,19.381659
8,2025-06-28 19:00:00,27,32,91.8,24.0,11.0,28.333333333333332,19,5,1,15.756461
8,2025-06-28 20:00:00,0,0,0.0,27.0,20.0,26.666666666666668,20,5,1,16.804255
8,2025-06-28 21:00:00,0,0,0.0,0.0,0.0,17.0,21,5,1,0.13667916
8,2025-06-28 22:00:00,0,0,0.0,0.0,0.0,9.0,22,5,1,0.20618002
8,2025-06-28 23:00:00,0,0,0.0,0.0,0.0,0.0,23,5,1,0.15020446
8,2025-06-29 00:00:00,0,0,0.0,0.0,0.0,0.0,0,6,1,0.124147974
8,2025-06-29 01:00:00,0,0,0.0,0.0,0.0,0.0,1,6,1,0.124147974
8,2025-06-29 02:00:00,0,0,0.0,0.0,0.0,0.0,2,6,1,0.124147974
8,2025-06-29 03:00:00,0,0,0.0,0.0,0.0,0.0,3,6,1,0.124147974
8,2025-06-29 04:00:00,0,0,0.0,0.0,0.0,0.0,4,6,1,0.124147974
8,2025-06-29 05:00:00,0,0,0.0,0.0,0.0,0.0,5,6,1,0.124147974
8,2025-06-29 06:00:00,0,0,0.0,0.0,0.0,0.0,6,6,1,2.6932702
8,2025-06-29 07:00:00,0,0,0.0,0.0,0.0,0.0,7,6,1,2.9871926
8,2025-06-29 08:00:00,23,33,97.85,0.0,28.0,0.0,8,6,1,25.369877
8,2025-06-29 09:00:00,25,35,102.15,23.0,27.0,7.666666666666667,9,6,1,23.398317
8,2025-06-29 10:00:00,24,35,114.35,25.0,28.0,16.0,10,6,1,24.206984
8,2025-06-29 11:00:00,32,47,140.65,24.0,22.0,24.0,11,6,1,19.97782
8,2025-06-29 12:00:00,19,27,87.1,32.0,23.0,27.0,12,6,1,24.937378
8,2025-06-29 13:00:00,25,36,111.7,19.0,36.0,25.0,13,6,1,24.790611
8,2025-06-29 14:00:00,22,31,95.3,25.0,34.0,25.333333333333332,14,6,1,25.472712
8,2025-06-29 15:00:00,19,29,88.3,22.0,24.0,22.0,15,6,1,21.059345
8,2025-06-29 16:00:00,32,47,138.35,19.0,32.0,22.0,16,6,1,19.551632
8,2025-06-29 17:00:00,32,43,136.7,32.0,29.0,24.333333333333332,17,6,1,25.470993
8,2025-06-29 18:00:00,15,21,66.85,32.0,24.0,27.666666666666668,18,6,1,26.1478
8,2025-06-29 19:00:00,26,36,119.25,15.0,27.0,26.333333333333332,19,6,1,20.002497
8,2025-06-29 20:00:00,0,0,0.0,26.0,0.0,24.333333333333332,20,6,1,1.5019462
8,2025-06-29 21:00:00,0,0,0.0,0.0,0.0,13.666666666666666,21,6,1,-0.028094588
8,2025-06-29 22:00:00,0,0,0.0,0.0,0.0,8.666666666666666,22,6,1,0.10187027
8,2025-06-29 23:00:00,0,0,0.0,0.0,0.0,0.0,23,6,1,0.045894746
8,2025-06-30 00:00:00,0,0,0.0,0.0,0.0,0.0,0,0,0,0.14641705
8,2025-06-30 01:00:00,0,0,0.0,0.0,0.0,0.0,1,0,0,0.14641705
8,2025-06-30 02:00:00,0,0,0.0,0.0,0.0,0.0,2,0,0,0.14641705
8,2025-06-30 03:00:00,0,0,0.0,0.0,0.0,0.0,3,0,0,0.14641705
8,2025-06-30 04:00:00,0,0,0.0,0.0,0.0,0.0,4,0,0,0.14641705
8,2025-06-30 05:00:00,0,0,0.0,0.0,0.0,0.0,5,0,0,0.14641705
8,2025-06-30 06:00:00,20,25,84.55,0.0,0.0,0.0,6,0,0,2.7897801
8,2025-06-30 07:00:00,27,39,121.6,20.0,0.0,6.666666666666667,7,0,0,28.100935
8,2025-06-30 08:00:00,57,84,251.5,27.0,23.0,15.666666666666666,8,0,0,26.947784
8,2025-06-30 09:00:00,62,88,266.35,57.0,25.0,34.666666666666664,9,0,0,49.70727
8,2025-06-30 10:00:00,60,79,303.38,62.0,24.0,48.666666666666664,10,0,0,55.041386
8,2025-06-30 11:00:00,28,45,475.65,60.0,32.0,59.666666666666664,11,0,0,23.288782
8,2025-06-30 12:00:00,8,12,39.85,28.0,19.0,50.0,12,0,0,21.553724
8,2025-06-30 13:00:00,11,15,54.85,8.0,25.0,32.0,13,0,0,13.248701
8,2025-06-30 14:00:00,11,15,49.55,11.0,22.0,15.666666666666666,14,0,0,14.731039
8,2025-06-30 15:00:00,13,16,47.9,11.0,19.0,10.0,15,0,0,12.452417
8,2025-06-30 16:00:00,5,6,19.0,13.0,32.0,11.666666666666666,16,0,0,15.277707
8,2025-06-30 17:00:00,15,19,67.4,5.0,32.0,9.666666666666666,17,0,0,14.172473
8,2025-06-30 18:00:00,6,6,17.45,15.0,15.0,11.0,18,0,0,11.042945
8,2025-06-30 19:00:00,14,19,78.55,6.0,26.0,8.666666666666666,19,0,0,13.425548
8,2025-06-30 20:00:00,6,10,27.35,14.0,0.0,11.666666666666666,20,0,0,1.4893872
